ISIN;NCB;ISSUER;MATURITY DATE;COUPON RATE
XS1088274169;IT;2i Rete Gas S.p.A.;16/07/2019;1.75
XS1088274672;IT;2i Rete Gas S.p.A.;16/07/2024;3
XS1144492532;IT;2i Rete Gas S.p.A.;02/01/2020;1.125
XS1571982468;IT;2i Rete Gas S.p.A.;28/08/2026;1.75
XS0859920406;IT;A2A S.p.A.;28/11/2019;4.5
XS0951567030;IT;A2A S.p.A.;10/01/2021;4.375
XS1004874621;IT;A2A S.p.A.;13/01/2022;3.625
XS1195347478;IT;A2A S.p.A.;25/02/2025;1.75
XS1581375182;IT;A2A S.p.A.;16/03/2024;1.25
XS0763122578;BE;ABB Finance B.V.;26/03/2019;2.625
XS1402941790;BE;ABB Finance B.V.;03/05/2023;0.625
XS1613121422;BE;ABB Finance B.V.;16/05/2024;0.75
ES0211845203;ES;Abertis Infraestructuras SA;30/03/2020;4.375
ES0211845252;ES;Abertis Infraestructuras SA;25/10/2019;4.75
ES0211845260;ES;Abertis Infraestructuras SA;20/06/2023;3.75
ES0211845294;ES;Abertis Infraestructuras SA;27/02/2025;2.5
ES0211845302;ES;Abertis Infraestructuras SA;20/05/2026;1.375
ES0211845310;ES;Abertis Infraestructuras SA;27/02/2027;1
XS0495012428;IT;ACEA S.p.A.;16/03/2020;4.5
XS0970840095;IT;ACEA S.p.A.;12/09/2018;3.75
XS1087831688;IT;ACEA S.p.A.;15/07/2024;2.625
XS1508912646;IT;ACEA S.p.A.;24/10/2026;1
XS0995111761;BE;Achmea B.V.;19/11/2020;2.5
XS1237184533;BE;Adecco Intl Fin. Serv. B.V.;22/11/2022;1.5
XS1527526799;BE;Adecco Intl Fin. Serv. B.V.;02/12/2024;1
XS0805452405;BE;Aegon NV;18/07/2017;3
XS1529854793;BE;Aegon NV;08/12/2023;1
XS1004236185;IT;Aeroporti di Roma S.p.A.;20/02/2021;3.25
XS1627947440;IT;Aeroporti di Roma S.p.A.;08/06/2027;1.625
FR0010908905;FR;Air Liquide Finance;09/06/2020;3.889
FR0011344076;FR;Air Liquide Finance;15/10/2021;2.125
FR0011521277;FR;Air Liquide Finance;17/06/2019;1.5
FR0011951771;FR;Air Liquide Finance;05/06/2024;1.875
FR0012766889;FR;Air Liquide Finance;03/06/2025;1.25
FR0013153822;FR;Air Liquide Finance;18/04/2022;0.375
FR0013182805;FR;Air Liquide Finance;13/06/2020;0.125
FR0013182821;FR;Air Liquide Finance;13/06/2022;0.5
FR0013182839;FR;Air Liquide Finance;13/06/2024;0.75
FR0013182847;FR;Air Liquide Finance;13/06/2028;1.25
FR0013241346;FR;Air Liquide Finance;08/03/2027;1
FR0010948257;FR;Air Liquide-SA Ét.Expl.P.G.Cl.;12/10/2018;2.908
FR0011439835;FR;Air Liquide-SA Ét.Expl.P.G.Cl.;06/09/2023;2.375
XS1050846507;BE;Airbus Group Finance B.V.;02/04/2024;2.375
XS1128224703;BE;Airbus Group Finance B.V.;29/10/2029;2.125
XS1410582313;BE;Airbus Group Finance B.V.;13/05/2031;1.375
XS1410582586;BE;Airbus Group Finance B.V.;13/05/2026;0.875
XS0719962986;BE;Akzo Nobel N.V.;17/12/2018;4
XS1134519120;BE;Akzo Nobel N.V.;07/11/2024;1.75
XS1391625289;BE;Akzo Nobel N.V.;08/04/2026;1.125
XS0792977984;BE;Alliander N.V.;14/06/2024;2.875
XS0854759080;BE;Alliander N.V.;14/11/2022;2.25
XS1400167133;BE;Alliander N.V.;22/04/2026;0.875
DE000A1AKHB8;DE;Allianz Finance II B.V.;22/07/2019;4.75
DE000A1G0RU9;DE;Allianz Finance II B.V.;14/02/2022;3.5
DE000A1HG1J8;DE;Allianz Finance II B.V.;13/03/2018;1.375
DE000A180B72;DE;Allianz Finance II B.V.;21/04/2020;0
XS1323052180;DE;alstria office REIT-AG;24/03/2021;2.25
XS1346695437;DE;alstria office REIT-AG;12/04/2023;2.125
XS1322048619;ES;Amadeus Capital Markets S.A.U.;17/11/2021;1.625
XS1501162876;ES;Amadeus Capital Markets S.A.U.;06/10/2020;0.125
XS1616407869;ES;Amadeus Capital Markets S.A.U.;19/05/2019;0
BE6276038419;BE;ANHEUSER-BUSCH INBEV;19/10/2018;floater
BE6285450449;BE;ANHEUSER-BUSCH INBEV;17/03/2020;floater
BE6221503202;BE;Anheuser-Busch InBev N.V./S.A.;02/06/2021;4
BE6243179650;BE;Anheuser-Busch InBev N.V./S.A.;25/09/2024;2.875
BE6243180666;BE;Anheuser-Busch InBev N.V./S.A.;16/12/2019;2
BE6258027729;BE;Anheuser-Busch InBev N.V./S.A.;24/09/2020;2.25
BE6265140077;BE;Anheuser-Busch InBev N.V./S.A.;29/03/2018;floater
BE6265141083;BE;Anheuser-Busch InBev N.V./S.A.;30/09/2021;1.95
BE6265142099;BE;Anheuser-Busch InBev N.V./S.A.;31/03/2026;2.7
BE6291424040;BE;Anheuser-Busch InBev S.A./N.V.;20/01/2020;1.875
BE6242927075;BE;Apetra N.V.;17/12/2020;2.125
BE6257983286;BE;Apetra N.V.;25/09/2023;3.125
XS0972530561;BE;ASML Holding N.V.;19/09/2023;3.375
XS1405774990;BE;ASML Holding N.V.;07/07/2022;0.625
XS1405780963;BE;ASML Holding N.V.;07/07/2026;1.375
XS1527556192;BE;ASML Holding N.V.;28/05/2027;1.625
XS0452314536;IT;Assicurazioni Generali S.p.A.;16/09/2024;5.125
XS1014759648;IT;Assicurazioni Generali S.p.A.;14/01/2020;2.875
XS1449707055;BE;ATF Netherlands B.V.;15/07/2024;1.5
XS1558491855;IT;Atlantia S.p.A.;03/02/2025;1.625
FR0010491720;FR;Autoroutes du Sud de la France;04/07/2022;5.625
FR0010737882;FR;Autoroutes du Sud de la France;20/03/2019;7.375
FR0010883058;FR;Autoroutes du Sud de la France;13/04/2020;4.125
FR0011119775;FR;Autoroutes du Sud de la France;24/09/2018;4
FR0011394907;FR;Autoroutes du Sud de la France;18/01/2023;2.875
FR0011694033;FR;Autoroutes du Sud de la France;17/01/2024;2.95
FR0013169885;FR;Autoroutes du Sud de la France;13/05/2026;1
FR0013231099;FR;Autoroutes du Sud de la France;18/01/2027;1.25
FR0013251170;FR;Autoroutes du Sud de la France;20/04/2026;1.125
XS1205716720;IT;Autostr. Bres.Ver.Vic.Pad. SpA;20/03/2020;2.375
XS0193945655;IT;Autostrade per L'Italia S.p.A.;09/06/2024;5.875
XS0542534192;IT;Autostrade per L'Italia S.p.A.;16/09/2025;4.375
XS0744125302;IT;Autostrade per L'Italia S.p.A.;08/02/2019;4.5
XS0828749761;IT;Autostrade per L'Italia S.p.A.;16/03/2020;4.375
XS0986174851;IT;Autostrade per L'Italia S.p.A.;26/02/2021;2.875
XS1316567343;IT;Autostrade per L'Italia S.p.A.;04/11/2021;1.125
XS1316569638;IT;Autostrade per L'Italia S.p.A.;04/11/2025;1.875
XS1327504087;IT;Autostrade per L'Italia S.p.A.;26/06/2026;1.75
XS1528093799;IT;Autostrade per L'Italia S.p.A.;01/02/2027;1.75
DE000A188WV3;DE;BASF Finance Europe N.V.;10/11/2020;0
DE000A188WW1;DE;BASF Finance Europe N.V.;10/11/2026;0.75
XS1023268490;DE;Bayer AG;24/01/2018;1.125
XS1023268573;DE;Bayer AG;25/01/2021;1.875
XS1135309794;DE;Bayer Capital Corp. B.V.;13/11/2023;1.25
XS0811690550;DE;Bertelsmann SE & Co. KGaA;02/08/2022;2.625
XS1121177767;DE;Bertelsmann SE & Co. KGaA;14/10/2024;1.75
XS1400165350;DE;Bertelsmann SE & Co. KGaA;27/04/2026;1.125
XS1619283218;DE;Bertelsmann SE & Co. KGaA;26/05/2021;0.25
XS0173501379;DE;BMW Finance N.V.;06/08/2018;5
XS0653885961;DE;BMW Finance N.V.;29/01/2018;3.625
XS0729046218;DE;BMW Finance N.V.;14/01/2019;3.25
XS0860596575;DE;BMW Finance N.V.;05/06/2018;1.5
XS0877622034;DE;BMW Finance N.V.;24/01/2023;2.375
XS0968316256;DE;BMW Finance N.V.;04/09/2020;2
XS1015212811;DE;BMW Finance N.V.;17/07/2019;1.625
XS1015217703;DE;BMW Finance N.V.;17/01/2024;2.625
XS1105264821;DE;BMW Finance N.V.;05/09/2018;0.5
XS1105276759;DE;BMW Finance N.V.;05/09/2022;1.25
XS1168962063;DE;BMW Finance N.V.;21/01/2025;1
XS1168971213;DE;BMW Finance N.V.;21/01/2020;0.5
XS1321956333;DE;BMW Finance N.V.;17/11/2020;0.875
XS1363560977;DE;BMW Finance N.V.;15/02/2022;1
XS1396260520;DE;BMW Finance N.V.;15/04/2020;0.125
XS1396261338;DE;BMW Finance N.V.;15/04/2024;0.75
XS1548436473;DE;BMW Finance N.V.;12/07/2024;0.75
XS1548436556;DE;BMW Finance N.V.;12/01/2021;0.125
XS1589881272;DE;BMW Finance N.V.;03/07/2020;0.125
XS1589881785;DE;BMW Finance N.V.;03/04/2025;0.875
FR0013222494;FR;Bouygues S.A.;07/06/2027;1.375
FR0010212852;FR;Bouygues S.A.;22/07/2020;4.25
FR0010853226;FR;Bouygues S.A.;12/02/2018;4
FR0010957662;FR;Bouygues S.A.;29/10/2019;3.641
FR0011193515;FR;Bouygues S.A.;09/02/2022;4.5
FR0011332196;FR;Bouygues S.A.;16/01/2023;3.625
PTBSSBOE0012;BE;BRISA-Concessao Rodoviaria, SA;01/04/2021;3.875
PTBSSGOE0009;BE;BRISA-Concessao Rodoviaria, SA;02/04/2018;6.875
PTBSSIOM0015;BE;BRISA-Concessao Rodoviaria, SA;30/04/2025;1.875
PTBSSJOM0014;BE;BRISA-Concessao Rodoviaria, SA;22/03/2023;2
PTBSSLOM0002;BE;BRISA-Concessao Rodoviaria, SA;10/05/2027;2.375
BE6254681248;BE;Brussels Airport Company SA/NV;01/07/2020;3.25
BE6295011025;BE;Brussels Airport Company SA/NV;03/05/2024;1
XS1405777316;BE;Bunge Finance Europe B.V.;16/06/2023;1.85
XS1232143310;FI;Caterpillar Intl Finance Ltd.;14/05/2018;floater
XS1232146412;FI;Caterpillar Intl Finance Ltd.;13/10/2020;0.75
XS1468525057;ES;Cellnex Telecom S.A.;16/01/2024;2.375
XS1551726810;ES;Cellnex Telecom S.A.;18/04/2025;2.875
XS0170386998;BE;Ciba Spc. Chem. Fin. Lxbg S.A.;20/06/2018;4.875
XS0946179529;FI;Citycon Oyj;24/06/2020;3.75
XS1114434167;BE;Citycon Treasury B.V.;01/10/2024;2.5
XS1291367313;BE;Citycon Treasury B.V.;16/09/2022;2.375
XS1485608118;BE;Citycon Treasury B.V.;08/09/2026;1.25
XS0944362812;BE;Coca Cola HBC Finance B.V.;18/06/2020;2.375
XS1377682676;BE;Coca Cola HBC Finance B.V.;11/11/2024;1.875
XS1493428426;FR;Compagnie de Saint-Gobain S.A.;27/03/2020;0
XS1577586321;FR;Compagnie de Saint-Gobain S.A.;17/03/2025;1
XS1627193359;FR;Compagnie de Saint-Gobain S.A.;14/06/2027;1.375
FR0010327007;FR;Compagnie Fin. Ind. Autoroutes;24/05/2021;5
FR0013201126;FR;Compagnie Fin. Ind. Autoroutes;07/02/2025;0.375
FR0013201134;FR;Compagnie Fin. Ind. Autoroutes;09/09/2028;0.75
XS0953199634;DE;Continental AG;16/07/2018;3
XS0969344083;DE;Continental AG;09/09/2020;3.125
XS1529561182;DE;Continental AG;05/02/2020;0
XS1377745937;DE;Covestro AG;25/09/2024;1.75
XS1377763161;DE;Covestro AG;07/10/2021;1
XS1505896735;FI;CRH Finance DAC;18/10/2028;1.375
XS0375220588;FI;DAA Finance PLC;09/07/2018;6.587
XS1419674525;FI;DAA Finance PLC;07/06/2028;1.554
DE000A1MLXN3;DE;Daimler AG;02/04/2019;2.625
DE000A1PGQY7;DE;Daimler AG;27/06/2018;2.125
DE000A1PGWA5;DE;Daimler AG;12/09/2022;2.375
DE000A1R0TN7;DE;Daimler AG;21/01/2020;1.75
DE000A1R04X6;DE;Daimler AG;24/01/2022;2.25
DE000A1R0691;DE;Daimler AG;08/03/2023;2.375
DE000A1TNJ97;DE;Daimler AG;25/06/2021;2
DE000A1TNK86;DE;Daimler AG;07/04/2020;2
DE000A1X3GC3;DE;Daimler AG;19/11/2018;1.5
DE000A2AAL23;DE;Daimler AG;09/09/2019;0.5
DE000A2AAL31;DE;Daimler AG;09/03/2026;1.5
DE000A2DADM7;DE;Daimler AG;28/02/2025;0.85
DE000A11QSB8;DE;Daimler AG;08/07/2024;1.875
DE000A169G07;DE;Daimler AG;12/01/2021;0.875
DE000A169G15;DE;Daimler AG;12/01/2024;1.4
DE000A169NA6;DE;Daimler AG;11/05/2020;0.25
DE000A169NB4;DE;Daimler AG;11/05/2023;0.75
DE000A169NC2;DE;Daimler AG;11/05/2028;1.375
DE000A168650;DE;Daimler AG;05/03/2020;0.625
DE000A19EJE0;DE;Daimler Intl Finance B.V.;15/03/2019;0
DE000A19HBM3;DE;Daimler Intl Finance B.V.;11/05/2022;floater
FR0012432904;FR;DANONE;14/01/2020;floater
FR0013216884;FR;DANONE;03/11/2018;floater
BE0002189554;BE;Delhaize Group S.A.;27/02/2020;3.125
XS0559434351;BE;Delta Lloyd NV;17/11/2017;4.25
DE000A0T7J03;DE;Deutsche Bahn Finance B.V.;12/03/2019;4.875
XS0164831843;DE;Deutsche Bahn Finance B.V.;14/03/2018;4.75
XS0452868788;DE;Deutsche Bahn Finance B.V.;23/09/2021;4.375
XS0515937406;DE;Deutsche Bahn Finance B.V.;10/06/2020;3.5
XS0524471355;DE;Deutsche Bahn Finance B.V.;09/07/2025;3.75
XS0554975325;DE;Deutsche Bahn Finance B.V.;04/11/2022;3.375
XS0632241112;DE;Deutsche Bahn Finance B.V.;01/06/2021;3.75
XS0753143709;DE;Deutsche Bahn Finance B.V.;08/03/2024;3
XS0856032213;DE;Deutsche Bahn Finance B.V.;20/02/2023;2
XS0969368934;DE;Deutsche Bahn Finance B.V.;12/09/2023;2.5
XS0988384904;DE;Deutsche Bahn Finance B.V.;06/11/2020;1.75
XS1045386494;DE;Deutsche Bahn Finance B.V.;19/03/2029;2.75
XS1309518998;DE;Deutsche Bahn Finance B.V.;23/10/2025;1.25
XS1316420089;DE;Deutsche Bahn Finance B.V.;06/11/2030;1.625
XS1372911690;DE;Deutsche Bahn Finance B.V.;02/03/2026;0.75
XS1441837546;DE;Deutsche Bahn Finance B.V.;11/07/2031;0.875
XS1451539487;DE;Deutsche Bahn Finance B.V.;19/07/2021;0
XS1493724584;DE;Deutsche Bahn Finance B.V.;26/09/2028;0.625
DE000A1R1BC6;DE;Deutsche Börse AG;26/03/2018;1.125
DE000A1RE1W1;DE;Deutsche Börse AG;05/10/2022;2.375
DE000A1684V3;DE;Deutsche Börse AG;08/10/2025;1.625
XS1109110251;DE;Deutsche Lufthansa AG;12/09/2019;1.125
XS0862941506;DE;Deutsche Post AG;11/12/2020;1.875
XS0862952297;DE;Deutsche Post AG;11/12/2024;2.875
XS0977496636;DE;Deutsche Post AG;09/10/2023;2.75
XS0977500767;DE;Deutsche Post AG;09/10/2018;1.5
XS1388661651;DE;Deutsche Post AG;01/04/2021;0.375
XS1388661735;DE;Deutsche Post AG;01/04/2026;1.25
XS0795872901;DE;Deutsche Post Finance B.V.;27/06/2017;1.875
XS0795877454;DE;Deutsche Post Finance B.V.;27/06/2022;2.95
XS0441740817;DE;Deutsche Telekom Intl Fin.B.V.;27/07/2021;5.375
XS0494953820;DE;Deutsche Telekom Intl Fin.B.V.;16/03/2020;4.25
XS0503603267;DE;Deutsche Telekom Intl Fin.B.V.;22/04/2025;4.875
XS0525787874;DE;Deutsche Telekom Intl Fin.B.V.;13/07/2022;4.25
XS0847580353;DE;Deutsche Telekom Intl Fin.B.V.;24/10/2024;2.75
XS0850057588;DE;Deutsche Telekom Intl Fin.B.V.;30/10/2019;2
XS0875796541;DE;Deutsche Telekom Intl Fin.B.V.;18/01/2021;2.125
XS0875797515;DE;Deutsche Telekom Intl Fin.B.V.;17/01/2028;3.25
XS1382791975;DE;Deutsche Telekom Intl Fin.B.V.;03/04/2028;1.5
XS1382792197;DE;Deutsche Telekom Intl Fin.B.V.;03/04/2023;0.625
XS1396830058;DE;Deutsche Telekom Intl Fin.B.V.;19/04/2021;0.25
XS1557095459;DE;Deutsche Telekom Intl Fin.B.V.;30/10/2021;0.375
XS1557095616;DE;Deutsche Telekom Intl Fin.B.V.;30/01/2027;1.375
XS1557096267;DE;Deutsche Telekom Intl Fin.B.V.;30/01/2024;0.875
XS1617898363;DE;Deutsche Telekom Intl Fin.B.V.;22/05/2026;1.125
XS1250867642;DE;Deutsche Wohnen AG;24/07/2020;1.375
XS1088135634;ES;Distribuidora Intl de Alim.SA;22/07/2019;1.5
XS1400342587;ES;Distribuidora Intl de Alim.SA;28/04/2021;1
XS1589970968;ES;Distribuidora Intl de Alim.SA;06/04/2023;0.875
XS0322977223;DE;E.ON Intl Finance B.V.;02/10/2017;5.5
XS0347908096;DE;E.ON Intl Finance B.V.;21/02/2023;5.528
XS0361244667;DE;E.ON Intl Finance B.V.;07/05/2020;5.75
BE0002481563;BE;Eandis CVBA;04/12/2026;1.75
BE6212766131;BE;Eandis CVBA;30/12/2020;4.25
BE6228266902;BE;Eandis CVBA;08/11/2021;4.5
XS1492685885;FI;Eaton Capital Unlimited Co.;20/09/2024;0.75
FR0012599892;FR;Edenred S.A.;10/03/2025;1.375
FR0013247202;FR;Edenred S.A.;30/03/2027;1.875
XS0557897203;IT;Edison S.p.A.;10/11/2017;3.875
XS0223447227;BE;EDP Finance B.V.;29/06/2020;4.125
XS0399353506;BE;EDP Finance B.V.;12/11/2023;0
XS0831842645;BE;EDP Finance B.V.;21/09/2017;5.75
XS0970695572;BE;EDP Finance B.V.;14/09/2020;4.875
XS0995380580;BE;EDP Finance B.V.;20/01/2021;4.125
XS1057345651;BE;EDP Finance B.V.;15/04/2019;2.625
XS1111324700;BE;EDP Finance B.V.;18/01/2022;2.625
XS1222590488;BE;EDP Finance B.V.;22/04/2025;2
XS1385395121;BE;EDP Finance B.V.;23/03/2023;2.375
XS1471646965;BE;EDP Finance B.V.;12/02/2024;1.125
XS1558083652;BE;EDP Finance B.V.;29/09/2023;1.875
XS0235372140;FI;Eesti Energia AS;18/11/2020;4.5
XS1292352843;FI;Eesti Energia AS;22/09/2023;2.384
XS0162990229;FR;Electricité de France (E.D.F.);21/02/2033;5.625
XS0645947457;FI;Elering A.S.;12/07/2018;4.625
BE0002432079;BE;Elia System Operator S.A./N.V.;04/04/2028;3.25
BE0002433085;BE;Elia System Operator S.A./N.V.;04/04/2033;3.5
BE0119550466;BE;Elia System Operator S.A./N.V.;13/05/2019;5.25
XS0836360254;FI;Elisa Oyj;04/10/2019;2.25
XS0973806861;FI;Elisa Oyj;22/01/2021;2.75
XS1578886258;FI;Elisa Oyj;17/03/2024;0.875
XS1052843908;ES;Enagás Financiaciones S.A.U.;11/04/2022;2.5
XS1177459531;ES;Enagás Financiaciones S.A.U.;06/02/2025;1.25
XS1203859415;ES;Enagás Financiaciones S.A.U.;25/03/2023;1
XS1403388694;ES;Enagás Financiaciones S.A.U.;05/05/2028;1.375
XS1508831051;ES;Enagás Financiaciones S.A.U.;27/10/2026;0.75
XS0207320242;DE;EnBW International Finance BV;16/01/2025;4.875
XS0399861086;DE;EnBW International Finance BV;20/11/2018;6.875
XS1074208270;DE;EnBW International Finance BV;04/06/2026;2.5
XS0177089298;IT;ENEL Finance Intl N.V.;29/09/2023;5.25
XS0452187916;IT;ENEL Finance Intl N.V.;14/09/2022;5
XS0647298883;IT;ENEL Finance Intl N.V.;12/07/2021;5
XS0695401801;IT;ENEL Finance Intl N.V.;24/10/2018;5.75
XS0827692269;IT;ENEL Finance Intl N.V.;11/03/2020;4.875
XS0842659426;IT;ENEL Finance Intl N.V.;17/04/2023;4.875
XS1176079843;IT;ENEL Finance Intl N.V.;27/01/2025;1.966
XS1425966287;IT;ENEL Finance Intl N.V.;01/06/2026;1.375
XS1550149204;IT;ENEL Finance Intl N.V.;16/09/2024;1
XS0170343247;IT;ENEL S.p.A.;12/06/2018;4.75
XS0192503695;IT;ENEL S.p.A.;20/05/2024;5.25
XS0306646042;IT;ENEL S.p.A.;21/06/2027;5.625
XS0213737702;FI;Energie AG Oberösterreich;04/03/2025;4.5
XS0737138460;BE;ENEXIS Holding NV;26/01/2022;3.375
XS0854400800;BE;ENEXIS Holding NV;13/11/2020;1.875
XS1307369717;BE;ENEXIS Holding NV;20/10/2023;1.5
XS1396367911;BE;ENEXIS Holding NV;28/04/2026;0.875
FR0010678185;FR;Engie S.A.;24/01/2019;6.875
FR0010709451;FR;Engie S.A.;18/01/2021;6.375
XS0331141332;IT;ENI S.p.A.;14/11/2017;4.75
XS0451457435;IT;ENI S.p.A.;16/09/2019;4.125
XS0521000975;IT;ENI S.p.A.;29/06/2020;4
XS0563739696;IT;ENI S.p.A.;29/01/2018;3.5
XS0741137029;IT;ENI S.p.A.;03/02/2020;4.25
XS0798555537;IT;ENI S.p.A.;27/06/2019;3.75
XS0951565091;IT;ENI S.p.A.;10/07/2023;3.25
XS0970852348;IT;ENI S.p.A.;12/09/2025;3.75
XS0996354956;IT;ENI S.p.A.;22/11/2021;2.625
XS1023703090;IT;ENI S.p.A.;29/01/2029;3.625
XS1180451657;IT;ENI S.p.A.;02/02/2026;1.5
XS1292988984;IT;ENI S.p.A.;18/01/2024;1.75
XS1412593185;IT;ENI S.p.A.;17/05/2022;0.75
XS1412711217;IT;ENI S.p.A.;17/05/2028;1.625
XS1493322355;IT;ENI S.p.A.;19/09/2024;0.625
XS1493328477;IT;ENI S.p.A.;19/09/2028;1.125
XS1551068676;IT;ENI S.p.A.;17/01/2027;1.5
XS0905658349;FI;Erdöl-Lagergesellschaft m.b.H.;20/03/2028;2.75
XS1239586594;FI;ESB Finance DAC;08/06/2027;2.125
XS1428782160;FI;ESB Finance DAC;14/06/2031;1.875
XS1560853670;FI;ESB Finance DAC;07/02/2029;1.75
XS0551935769;DE;Eurogrid GmbH;22/10/2020;3.875
XS1243251375;DE;Eurogrid GmbH;10/06/2025;1.875
XS1315101011;DE;Eurogrid GmbH;03/11/2023;1.625
XS1396285279;DE;Eurogrid GmbH;18/04/2028;1.5
FR0011339746;FR;Eutelsat S.A.;10/10/2022;3.125
FR0011660596;FR;Eutelsat S.A.;13/01/2020;2.625
FR0013184702;FR;Eutelsat S.A.;23/06/2021;1.125
DE000A185QA5;DE;Evonik Finance B.V.;07/09/2024;0.375
DE000A185QB3;DE;Evonik Finance B.V.;07/09/2028;0.75
DE000A185QC1;DE;Evonik Finance B.V.;08/03/2021;0
XS0911405784;DE;Evonik Industries AG;08/04/2020;1.875
XS1170787797;DE;Evonik Industries AG;23/01/2023;1
ES0205032008;ES;Ferrovial Emisiones, S.A.;15/07/2024;2.5
ES0205032016;ES;Ferrovial Emisiones, S.A.;14/09/2022;0.375
ES0205032024;ES;Ferrovial Emisiones, S.A.;31/03/2025;1.375
XS1004118904;IT;Ferrovie dello Stato Ital.SpA;13/12/2021;3.5
XS0768448796;FI;Fingrid Oyj;03/04/2024;3.5
FR0013170834;FR;Fonciere des Regions S.A.;20/05/2026;1.875
XS1554373164;FI;Fresenius Finance Ireland PLC;31/01/2022;0.875
XS1554373248;FI;Fresenius Finance Ireland PLC;30/01/2024;1.5
XS1554373677;FI;Fresenius Finance Ireland PLC;01/02/2027;2.125
XS1554373834;FI;Fresenius Finance Ireland PLC;30/01/2032;3
XS0436928872;ES;Gas Natural CM S.A.;09/07/2019;6.375
XS0458749826;ES;Gas Natural CM S.A.;02/11/2021;5.125
XS0479541699;ES;Gas Natural CM S.A.;26/01/2018;4.125
XS0479542580;ES;Gas Natural CM S.A.;27/01/2020;4.5
XS0627188468;ES;Gas Natural CM S.A.;24/05/2019;5.375
XS0741942576;ES;Gas Natural CM S.A.;13/02/2018;5
XS0829360923;ES;Gas Natural CM S.A.;27/01/2020;6
XS1590568132;ES;Gas Natural CM S.A.;11/04/2024;1.125
XS0875343757;ES;Gas Natural Fenosa Finance BV;17/01/2023;3.875
XS0914400246;ES;Gas Natural Fenosa Finance BV;11/04/2022;3.875
XS0981438582;ES;Gas Natural Fenosa Finance BV;15/04/2021;3.5
XS1041934800;ES;Gas Natural Fenosa Finance BV;11/03/2024;2.875
XS1170307414;ES;Gas Natural Fenosa Finance BV;21/01/2025;1.375
XS1396767854;ES;Gas Natural Fenosa Finance BV;19/04/2026;1.25
XS1401303976;ES;Gas Natural Fenosa Finance BV;25/04/2021;0.515
XS1551446880;ES;Gas Natural Fenosa Finance BV;19/01/2027;1.375
XS1529684695;FI;Gas Networks Ireland;05/12/2026;1.375
XS1117297942;BE;Geberit International B.V.;30/03/2021;0.688
FR0000475758;FR;GIE ENGIE Alliance;24/06/2023;5.75
XS0974877150;BE;Glencore Finance Europe S.A.;30/09/2020;3.375
XS1051003538;BE;Glencore Finance Europe S.A.;01/04/2021;2.75
XS1110430193;BE;Glencore Finance Europe S.A.;18/01/2022;1.625
XS1202846819;BE;Glencore Finance Europe S.A.;17/03/2021;1.25
XS1489184900;BE;Glencore Finance Europe S.A.;13/09/2023;1.875
XS1387174375;DE;HeidelbergCement AG;30/03/2023;2.25
XS1425274484;DE;HeidelbergCement AG;03/06/2024;2.25
XS1529515584;DE;HeidelbergCement AG;07/02/2025;1.5
DE000A0TKUU3;BE;HeidelbergCement Fin.Lux. S.A.;04/01/2018;5.625
XS0458685913;BE;HeidelbergCement Fin.Lux. S.A.;31/10/2019;8.5
XS0478803355;BE;HeidelbergCement Fin.Lux. S.A.;03/04/2020;7.5
XS0985874543;BE;HeidelbergCement Fin.Lux. S.A.;21/10/2020;3.25
XS1002933072;BE;HeidelbergCement Fin.Lux. S.A.;21/10/2021;3.25
XS1044496203;BE;HeidelbergCement Fin.Lux. S.A.;12/03/2019;2.25
XS1549372420;BE;HeidelbergCement Fin.Lux. S.A.;18/01/2021;0.5
XS1589806907;BE;HeidelbergCement Fin.Lux. S.A.;07/04/2026;1.625
XS1629387462;BE;HeidelbergCement Fin.Lux. S.A.;14/06/2027;1.5
XS0911691003;BE;Heineken N.V.;06/04/2021;2
XS1288852939;BE;Heineken N.V.;10/09/2021;1.25
XS1310154536;BE;Heineken N.V.;23/10/2023;1.7
XS1330434389;BE;Heineken N.V.;07/12/2024;1.5
XS1401174633;BE;Heineken N.V.;04/05/2026;1
XS1527192485;BE;Heineken N.V.;29/01/2027;1.375
XS1611855237;BE;Heineken N.V.;12/05/2032;2.02
XS1611167856;DE;Hella Finance International BV;17/05/2024;1
XS0875513268;DE;Hella KGaA Hueck & Co.;24/01/2020;2.375
XS1040041649;DE;Hella KGaA Hueck & Co.;07/09/2017;1.25
XS1488370740;DE;Henkel AG & Co. KGaA;13/09/2018;0
XS1488418960;DE;Henkel AG & Co. KGaA;13/09/2021;0
XS0471071133;IT;Hera S.p.A.;03/12/2019;4.5
XS0880764435;IT;Hera S.p.A.;29/01/2028;5.2
XS0976307040;IT;Hera S.p.A.;04/10/2021;3.25
XS1084043451;IT;Hera S.p.A.;04/07/2024;2.375
XS1504194173;IT;Hera S.p.A.;14/10/2026;0.875
XS1420337633;BE;Holcim Finance (Luxembg) S.A.;26/05/2023;1.375
XS1420338102;BE;Holcim Finance (Luxembg) S.A.;26/05/2028;2.25
XS0825829590;BE;Holcim U.S.Fin.SARL & Cie SCS;07/09/2020;2.625
XS0271758301;FR;Holding d'Infrastr. de Transp.;27/10/2021;4.875
XS0494868630;ES;Iberdrola Finanzas S.A.U.;23/03/2020;4.125
XS1527758145;ES;Iberdrola Finanzas S.A.U.;07/03/2024;1
XS1575444622;ES;Iberdrola Finanzas S.A.U.;07/03/2025;1
XS0879869187;ES;Iberdrola International B.V.;01/02/2021;3.5
XS0940711947;ES;Iberdrola International B.V.;11/11/2020;2.875
XS0990109240;ES;Iberdrola International B.V.;31/01/2022;3
XS1057055060;ES;Iberdrola International B.V.;24/10/2022;2.5
XS1116408235;ES;Iberdrola International B.V.;08/10/2024;1.875
XS1171541813;ES;Iberdrola International B.V.;27/01/2023;1.125
XS1291004270;ES;Iberdrola International B.V.;17/09/2023;1.75
XS1398476793;ES;Iberdrola International B.V.;21/04/2026;1.125
XS1433521884;ES;Iberdrola International B.V.;18/06/2018;floater
XS1490726590;ES;Iberdrola International B.V.;15/09/2025;0.375
XS1191115366;DE;Infineon Technologies AG;10/09/2018;1
XS1191116174;DE;Infineon Technologies AG;10/03/2022;1.5
BE0002448232;BE;Infrax CVBA;30/10/2023;3.75
BE0002478536;BE;Infrax CVBA;29/10/2029;2.625
XS0172851650;DE;innogy Finance B.V.;23/07/2018;5.125
XS0399647675;DE;innogy Finance B.V.;31/01/2019;6.625
XS0412842857;DE;innogy Finance B.V.;10/08/2021;6.5
XS0878010718;DE;innogy Finance B.V.;30/01/2020;1.875
XS0982019126;DE;innogy Finance B.V.;17/01/2024;3
XS1595704872;DE;innogy Finance B.V.;13/04/2025;1
XS1314238459;IT;Iren S.p.A.;02/11/2022;2.75
XS1511781467;IT;Iren S.p.A.;04/11/2024;0.875
XS1551917245;IT;Italgas S.P.A.;19/01/2022;0.5
XS1551917591;IT;Italgas S.P.A.;19/01/2027;1.625
XS1578294081;IT;Italgas S.P.A.;14/03/2024;1.125
DE000A1Z0TA4;BE;JAB Holdings B.V.;30/04/2025;1.625
DE000A1Z6C06;BE;JAB Holdings B.V.;16/09/2022;2.125
DE000A1ZSAF4;BE;JAB Holdings B.V.;24/11/2021;1.5
DE000A19HCW0;BE;JAB Holdings B.V.;22/05/2024;1.25
DE000A19HCX8;BE;JAB Holdings B.V.;18/05/2028;2
DE000A181034;BE;JAB Holdings B.V.;25/05/2023;1.75
AT0000A0X913;FI;KELAG-Kärntner Elektrizitäts- Aktiengesellschaft;24/10/2022;3.25
FR0011236983;FR;Kering S.A.;23/04/2019;3.125
FR0011535764;FR;Kering S.A.;15/07/2020;2.5
FR0011584929;FR;Kering S.A.;08/10/2018;1.875
FR0012648244;FR;Kering S.A.;28/03/2022;0.875
FR0013165677;FR;Kering S.A.;10/05/2026;1.25
FR0013248721;FR;Kering S.A.;05/04/2027;1.5
XS1288849471;FI;Kerry Group Financial Services;10/09/2025;2.375
XS0896119384;FR;Klepierre;26/02/2021;3.25
XS1531060025;DE;Knorr-Bremse AG;08/12/2021;0.5
XS0993228294;BE;Koninklijke DSM NV;13/11/2019;1.75
XS1041772986;BE;Koninklijke DSM NV;03/04/2024;2.375
XS1215181980;BE;Koninklijke DSM NV;09/04/2025;1
XS1293087703;BE;Koninklijke DSM NV;26/09/2022;1.375
XS1495373505;BE;Koninklijke DSM NV;28/09/2026;0.75
XS0811124790;BE;Koninklijke KPN NV;01/02/2021;3.25
XS1485532896;BE;Koninklijke KPN NV;09/04/2025;0.625
XS1485533431;BE;Koninklijke KPN NV;11/09/2028;1.125
FR0000476087;FR;La Poste;26/06/2023;4.375
FR0010586081;FR;La Poste;27/02/2018;4.5
XS1554456613;DE;LEG Immobilien AG;23/01/2024;1.25
FR0013073277;FR;Legrand S.A.;16/12/2027;1.875
XS1586337872;FI;Liberty Mutual Fin.Europe DAC;27/03/2024;1.75
DE000A1R07P5;DE;Linde AG;18/04/2023;2
XS0828235225;DE;Linde AG;17/09/2020;1.75
XS0632659933;DE;Linde Finance B.V.;01/06/2021;3.875
XS0718526790;DE;Linde Finance B.V.;12/12/2018;3.125
XS0790015548;DE;Linde Finance B.V.;11/06/2019;1.75
XS1069836077;DE;Linde Finance B.V.;22/05/2024;1.875
XS1397134609;DE;Linde Finance B.V.;20/04/2028;1
XS1518704900;DE;Linde Finance B.V.;18/01/2022;0.25
XS0997829519;IT;Linea Group Holding S.p.A.;28/11/2018;3.875
XS1030851791;IT;Luxottica Group S.p.A.;10/02/2024;2.625
FR0011033232;FR;LVMH Moët Henn. L. Vuitton SE;06/04/2018;4
FR0011485051;FR;LVMH Moët Henn. L. Vuitton SE;04/11/2019;1.25
FR0011625441;FR;LVMH Moët Henn. L. Vuitton SE;13/11/2020;1.75
FR0012173706;FR;LVMH Moët Henn. L. Vuitton SE;24/09/2021;1
FR0013257599;FR;LVMH Moët Henn. L. Vuitton SE;26/11/2018;floater
FR0013257607;FR;LVMH Moët Henn. L. Vuitton SE;26/05/2020;0
FR0013257615;FR;LVMH Moët Henn. L. Vuitton SE;26/05/2022;0.375
FR0013257623;FR;LVMH Moët Henn. L. Vuitton SE;26/05/2024;0.75
XS1596739364;ES;Madrileña Red de Gas Fin. B.V.;11/04/2025;1.375
XS1596740453;ES;Madrileña Red de Gas Fin. B.V.;11/04/2029;2.25
ES0224244071;ES;Mapfre SA;19/05/2026;1.625
XS0497186758;DE;Merck Financial Services GmbH;24/03/2020;4.5
XS1284570626;DE;Merck Financial Services GmbH;01/09/2022;1.375
XS1284576581;DE;Merck Financial Services GmbH;02/09/2019;0.75
XS1398336351;ES;Merlin Properties SOCIMI S.A.;25/04/2023;2.225
XS1512827095;ES;Merlin Properties SOCIMI S.A.;02/11/2026;1.875
XS1619643015;ES;Merlin Properties SOCIMI S.A.;26/05/2025;1.75
XS0863116231;DE;METRO Finance B.V.;11/05/2018;2.25
XS1626574708;FI;Metso Corp.;13/06/2024;1.125
XS0794392588;BE;Michelin Luxembourg SCS;20/06/2019;2.75
XS1233732194;BE;Michelin Luxembourg SCS;28/05/2022;1.125
XS1233734562;BE;Michelin Luxembourg SCS;28/05/2027;1.75
XS0257884436;BE;N.V. Nederlandse Gasunie;20/06/2021;4.5
XS0690606172;BE;N.V. Nederlandse Gasunie;13/10/2021;3.625
XS0804217536;BE;N.V. Nederlandse Gasunie;13/07/2022;2.625
XS1409382030;BE;N.V. Nederlandse Gasunie;11/05/2026;1
XS1520713022;BE;N.V. Nederlandse Gasunie;18/11/2019;0
XS0805500062;BE;Nestlé Finance Intl Ltd.;19/07/2019;1.5
XS0826531120;BE;Nestlé Finance Intl Ltd.;12/09/2022;1.75
XS0925668625;BE;Nestlé Finance Intl Ltd.;04/05/2020;1.25
XS0969795680;BE;Nestlé Finance Intl Ltd.;10/09/2021;2.125
XS1132789949;BE;Nestlé Finance Intl Ltd.;08/11/2021;0.75
XS1319652902;BE;Nestlé Finance Intl Ltd.;16/05/2023;0.75
XS1204254715;BE;NN Group NV;18/03/2022;1
XS1550988569;BE;NN Group NV;13/01/2023;0.875
XS1623355374;BE;NN Group NV;01/06/2020;0.25
XS1623355457;BE;NN Group NV;01/06/2027;1.625
XS1134729794;BE;Novartis Finance S.A.;09/11/2026;1.625
XS1134758116;BE;Novartis Finance S.A.;09/11/2021;0.75
XS1492825051;BE;Novartis Finance S.A.;20/09/2023;0.125
XS1492825481;BE;Novartis Finance S.A.;20/09/2028;0.625
XS1584884347;BE;Novartis Finance S.A.;31/03/2021;0
XS1585010074;BE;Novartis Finance S.A.;30/09/2027;1.125
XS0912992160;DE;O2 Telefónica Dtld. Finanzier.;22/11/2018;1.875
XS1025752293;DE;O2 Telefónica Dtld. Finanzier.;10/02/2021;2.375
FR0000471930;FR;Orange S.A.;28/01/2033;8.125
XS0365094811;FR;Orange S.A.;22/05/2018;5.625
XS1408317433;FR;Orange S.A.;12/05/2025;1
XS1418632748;BE;Paccar Financial Europe B.V.;24/05/2019;0.125
XS1615067615;BE;Paccar Financial Europe B.V.;19/05/2020;0.125
XS1489391109;FI;PartnerRe Ireland Finance DAC;15/09/2026;1.25
FR0011798115;FR;Pernod-Ricard S.A.;22/06/2020;2
FR0012173862;FR;Pernod-Ricard S.A.;27/09/2024;2.125
FR0012968931;FR;Pernod-Ricard S.A.;28/09/2023;1.875
FR0013172939;FR;Pernod-Ricard S.A.;18/05/2026;1.5
XS1028951777;BE;Petrol d.d., Ljubljana;24/06/2019;3.25
XS0944435121;IT;Poste Italiane S.p.A.;18/06/2018;3.25
NL0006133175;BE;PostNL NV;14/11/2017;5.375
FR0012384634;FR;Publicis Groupe S.A.;16/12/2021;1.125
FR0012384667;FR;Publicis Groupe S.A.;16/12/2024;1.625
FR0013217346;FR;Publicis Groupe S.A.;03/11/2023;0.5
XS0591586788;ES;Red Eléctrica Financ. S.A.U.;16/02/2018;4.75
XS0619706657;ES;Red Eléctrica Financ. S.A.U.;29/04/2020;4.875
XS0876289652;ES;Red Eléctrica Financ. S.A.U.;25/01/2022;3.875
XS0935803386;ES;Red Eléctrica Financ. S.A.U.;31/05/2019;2.375
XS1079698376;ES;Red Eléctrica Financ. S.A.U.;01/07/2023;2.125
XS1219462543;ES;Red Eléctrica Financ. S.A.U.;24/04/2025;1.125
XS1395060491;ES;Red Eléctrica Financ. S.A.U.;21/04/2026;1
XS1633929929;ES;Red Eléctrica Financ. S.A.U.;21/04/2026;1
XS1050547931;ES;Redexis Gas Finance B.V.;08/04/2021;2.75
XS1223842847;ES;Redexis Gas Finance B.V.;27/04/2027;1.875
FR0013183431;FR;Regie Autonome des Transports Parisiens;15/06/2024;0.375
XS1384281090;BE;RELX Finance B.V.;12/05/2026;1.375
XS1576837725;BE;RELX Finance B.V.;22/03/2021;0.375
XS1576838376;BE;RELX Finance B.V.;22/03/2024;1
XS0982774399;BE;REN Finance B.V.;16/10/2020;4.75
XS1189286286;BE;REN Finance B.V.;12/02/2025;2.5
XS1423826798;BE;REN Finance B.V.;01/06/2023;1.75
XS0733696495;ES;Repsol Intl Finance B.V.;19/02/2019;4.875
XS0831370613;ES;Repsol Intl Finance B.V.;20/02/2018;4.375
XS0933604943;ES;Repsol Intl Finance B.V.;28/05/2020;2.625
XS0975256685;ES;Repsol Intl Finance B.V.;07/10/2021;3.625
XS1148073205;ES;Repsol Intl Finance B.V.;10/12/2026;2.25
XS1334225361;ES;Repsol Intl Finance B.V.;16/12/2020;2.125
XS1442286008;ES;Repsol Intl Finance B.V.;06/07/2018;floater
XS1451452954;ES;Repsol Intl Finance B.V.;15/07/2019;0.125
XS1613140489;ES;Repsol Intl Finance B.V.;23/05/2022;0.5
XS1084563615;DE;Robert Bosch GmbH;08/07/2024;1.75
XS0934389221;DE;Robert Bosch Invest.Nedld.B.V.;24/05/2021;1.625
XS0934539726;DE;Robert Bosch Invest.Nedld.B.V.;24/05/2028;2.625
XS0760139773;BE;Roche Finance Europe B.V.;25/06/2018;2
XS1195056079;BE;Roche Finance Europe B.V.;25/02/2025;0.875
XS1371715118;BE;Roche Finance Europe B.V.;27/02/2023;0.5
XS1622363858;BE;Royal Schiphol Group N.V.;05/10/2026;2
XS1077584024;FI;Ryanair DAC;17/06/2021;1.875
XS1199964575;FI;Ryanair DAC;10/03/2023;1.125
XS1565699763;FI;Ryanair DAC;15/08/2023;1.125
FR0010951806;FR;SAGESS-Soc.An.d.Gest.St.d.Sec.;21/10/2022;3.125
FR0011347608;FR;SAGESS-Soc.An.d.Gest.St.d.Sec.;22/10/2019;1.75
XS1110299036;FI;Sampo OYJ;16/09/2021;1.5
XS1370701549;FI;Sampo OYJ;24/05/2019;1.125
XS1520733301;FI;Sampo OYJ;18/09/2023;1
XS1622193750;FI;Sampo OYJ;30/05/2025;1.25
FR0011355791;FR;Sanofi S.A.;14/11/2017;1
FR0011560333;FR;Sanofi S.A.;04/09/2020;1.875
FR0011625433;FR;Sanofi S.A.;14/11/2023;2.5
FR0012146777;FR;Sanofi S.A.;10/03/2022;1.125
FR0012146801;FR;Sanofi S.A.;10/09/2026;1.75
XS0456451771;FR;Sanofi S.A.;11/10/2019;4.125
XS1363071009;FR;Schlumberger Fin. France SAS;12/02/2019;0.625
XS0995382446;BE;Schlumberger Finance B.V.;04/03/2019;1.5
XS0428147093;BE;Shell International Finance BV;14/05/2018;4.375
XS1048521733;BE;Shell International Finance BV;24/03/2021;1.625
XS1048529041;BE;Shell International Finance BV;24/03/2026;2.5
XS1135276332;BE;Shell International Finance BV;06/04/2022;1
XS1135277140;BE;Shell International Finance BV;20/01/2027;1.625
XS1292468045;BE;Shell International Finance BV;15/09/2025;1.875
XS1292468987;BE;Shell International Finance BV;16/09/2019;floater
XS1292484323;BE;Shell International Finance BV;15/03/2022;1.25
XS1411401083;BE;Shell International Finance BV;12/05/2028;1.25
XS1411405662;BE;Shell International Finance BV;12/05/2024;0.75
XS1476654238;BE;Shell International Finance BV;15/02/2025;0.375
XS1476654584;BE;Shell International Finance BV;15/08/2028;0.75
DE000A1G85B4;DE;Siemens Finan.maatschappij NV;10/03/2020;1.5
DE000A1UDWM7;DE;Siemens Finan.maatschappij NV;12/03/2021;1.75
DE000A1UDWN5;DE;Siemens Finan.maatschappij NV;10/03/2028;2.875
XS0369461644;DE;Siemens Finan.maatschappij NV;11/06/2018;5.625
XS0806449814;IT;Snam S.p.A.;18/01/2019;5
XS0829183614;IT;Snam S.p.A.;19/03/2018;3.875
XS0829190585;IT;Snam S.p.A.;19/09/2022;5.25
XS0853682069;IT;Snam S.p.A.;13/02/2020;3.5
XS0914294979;IT;Snam S.p.A.;29/01/2021;3.375
XS1019326641;IT;Snam S.p.A.;22/01/2024;3.25
XS1061410962;IT;Snam S.p.A.;24/04/2019;1.5
XS1126183760;IT;Snam S.p.A.;21/04/2023;1.5
XS1318709497;IT;Snam S.p.A.;19/11/2023;1.375
XS1505573482;IT;Snam S.p.A.;25/10/2026;0.875
XS1508588875;IT;Snam S.p.A.;25/10/2020;0
XS1555402145;IT;Snam S.p.A.;25/01/2025;1.25
FR0010199927;FR;SNCF Mobilités;03/06/2020;3.625
XS0368361217;FR;SNCF Mobilités;12/06/2023;4.875
XS0410937659;FR;SNCF Mobilités;02/02/2024;4.625
XS0488101527;FR;SNCF Mobilités;19/02/2025;4.125
BE0374557404;BE;Solvay S.A.;27/06/2018;4.625
XS0953958641;BE;SPP Infrastructure Fing B.V.;18/07/2020;3.75
XS1185941850;BE;SPP Infrastructure Fing B.V.;12/02/2025;2.625
XS1077088984;BE;SPP-Distribucia, A.S.;23/06/2021;2.625
XS1524573752;DE;Südzucker Intl Finance B.V.;29/11/2023;1.25
FR0010745976;FR;Suez S.A.;08/04/2019;6.25
FR0010780528;FR;Suez S.A.;22/07/2024;5.5
FR0013173432;FR;Suez S.A.;19/05/2028;1.25
DE000TLX2003;DE;Talanx AG;13/02/2023;3.125
DE000TLX2102;DE;Talanx AG;23/07/2026;2.5
XS0184373925;IT;Telecom Italia S.p.A.;29/01/2019;5.375
XS0486101024;IT;Telecom Italia S.p.A.;10/02/2022;5.25
XS0630463965;IT;Telecom Italia S.p.A.;25/05/2018;4.75
XS0794393396;IT;Telecom Italia S.p.A.;14/12/2018;6.125
XS1020952435;IT;Telecom Italia S.p.A.;25/01/2021;4.5
XS1169832810;IT;Telecom Italia S.p.A.;16/01/2023;3.25
XS1347748607;IT;Telecom Italia S.p.A.;19/01/2024;3.625
XS1419869885;IT;Telecom Italia S.p.A.;25/05/2026;3.625
XS1497606365;IT;Telecom Italia S.p.A.;30/09/2025;3
XS1551678409;IT;Telecom Italia S.p.A.;19/07/2023;2.5
XS0462999573;ES;Telefonica Emisiones S.A.U.;11/11/2019;4.693
XS0540187894;ES;Telefonica Emisiones S.A.U.;18/09/2017;3.661
XS0746276335;ES;Telefonica Emisiones S.A.U.;21/02/2018;4.797
XS0842214818;ES;Telefonica Emisiones S.A.U.;20/01/2020;4.71
XS0874864860;ES;Telefonica Emisiones S.A.U.;23/01/2023;3.987
XS0907289978;ES;Telefonica Emisiones S.A.U.;26/03/2021;3.961
XS0934042549;ES;Telefonica Emisiones S.A.U.;29/05/2019;2.736
XS1069430368;ES;Telefonica Emisiones S.A.U.;27/05/2022;2.242
XS1120892507;ES;Telefonica Emisiones S.A.U.;17/10/2029;2.932
XS1290729208;ES;Telefonica Emisiones S.A.U.;14/09/2021;1.477
XS1394764689;ES;Telefonica Emisiones S.A.U.;13/04/2026;1.46
XS1394777665;ES;Telefonica Emisiones S.A.U.;13/04/2022;0.75
XS1505554698;ES;Telefonica Emisiones S.A.U.;17/10/2020;0.318
XS1505554771;ES;Telefonica Emisiones S.A.U.;17/10/2031;1.93
XS1550951138;ES;Telefonica Emisiones S.A.U.;17/10/2028;2.318
XS1550951211;ES;Telefonica Emisiones S.A.U.;17/01/2025;1.528
XS1555704078;ES;Telefonica Emisiones S.A.U.;25/01/2019;floater
XS0162869076;ES;Telefónica Europe B.V.;14/02/2033;5.875
XS0767278301;FI;Telekom Finanzmanagement GmbH;04/04/2022;4
XS0950055359;FI;Telekom Finanzmanagement GmbH;04/07/2023;3.5
XS0999667263;FI;Telekom Finanzmanagement GmbH;03/12/2021;3.125
XS1405762805;FI;Telekom Finanzmanagement GmbH;07/12/2026;1.5
XS0485616758;BE;TenneT Holding BV;09/02/2022;4.5
XS0593606121;BE;TenneT Holding BV;21/02/2023;4.625
XS0593606550;BE;TenneT Holding BV;21/02/2018;3.875
XS0988014212;BE;TenneT Holding BV;01/11/2020;2.125
XS1241581096;BE;TenneT Holding BV;04/06/2027;1.75
XS1241581179;BE;TenneT Holding BV;04/06/2021;0.875
XS1432384409;BE;TenneT Holding BV;13/06/2036;1.875
XS1432384664;BE;TenneT Holding BV;13/06/2026;1
XS1505568136;BE;TenneT Holding BV;24/10/2033;1.25
XS0740810881;FI;Teollisuuden Voima Oyj;04/02/2019;4.625
XS1043513529;FI;Teollisuuden Voima Oyj;17/03/2021;2.5
XS1183235644;FI;Teollisuuden Voima Oyj;04/02/2025;2.125
XS1514470316;FI;Teollisuuden Voima Oyj;13/01/2023;2.625
XS0203712939;IT;Terna Rete Elettrica Nazio.SpA;28/10/2024;4.9
XS0436320278;IT;Terna Rete Elettrica Nazio.SpA;03/10/2019;4.875
XS0605214336;IT;Terna Rete Elettrica Nazio.SpA;15/03/2021;4.75
XS0843310748;IT;Terna Rete Elettrica Nazio.SpA;16/02/2018;2.875
XS1178105851;IT;Terna Rete Elettrica Nazio.SpA;02/02/2022;0.875
XS1503131713;IT;Terna Rete Elettrica Nazio.SpA;11/10/2028;1
XS0418669429;FR;Total Capital S.A.;26/03/2024;5.125
XS0541787783;FR;Total Capital S.A.;16/09/2022;3.125
XS0554819465;FR;Unibail-Rodamco SE;05/11/2020;3.875
XS0761713865;FR;Unibail-Rodamco SE;22/03/2019;3
XS0811116853;FR;Unibail-Rodamco SE;01/08/2018;2.25
XS0978619194;FR;Unibail-Rodamco SE;08/10/2018;1.875
XS1038708522;FR;Unibail-Rodamco SE;26/02/2024;2.5
XS1074055770;FR;Unibail-Rodamco SE;04/06/2026;2.5
XS1121177338;FR;Unibail-Rodamco SE;17/10/2022;1.375
XS1218363270;FR;Unibail-Rodamco SE;15/04/2030;1.375
XS1376614118;FR;Unibail-Rodamco SE;09/03/2026;1.375
XS1401196958;FR;Unibail-Rodamco SE;28/04/2027;1.125
XS1401197253;FR;Unibail-Rodamco SE;28/04/2036;2
XS1523192588;FR;Unibail-Rodamco SE;21/02/2025;0.875
XS1569845404;FR;Unibail-Rodamco SE;22/02/2028;1.5
XS1619568303;FR;Unibail-Rodamco SE;29/05/2029;1.5
XS1619568998;FR;Unibail-Rodamco SE;29/05/2037;2
XS0957258212;BE;Unilever NV;05/08/2020;1.75
XS1178970106;BE;Unilever NV;03/02/2022;0.5
XS1241577490;BE;Unilever NV;03/06/2023;1
XS1403010512;BE;Unilever NV;29/04/2020;0
XS1403014936;BE;Unilever NV;29/04/2024;0.5
XS1403015156;BE;Unilever NV;29/04/2028;1.125
XS1566100977;BE;Unilever NV;14/02/2023;0.375
XS1566101603;BE;Unilever NV;14/02/2027;1
XS1529854280;DE;Uniper SE;08/12/2018;0.125
XS1032164607;BE;Urenco Finance N.V.;15/02/2021;2.5
XS1145750037;BE;Urenco Finance N.V.;02/12/2024;2.375
XS1269854870;BE;Urenco Finance N.V.;05/08/2022;2.25
FR0011689033;FR;Valeo S.A.;22/01/2024;3.25
FR0013139482;FR;Valeo S.A.;18/03/2026;1.625
FR0013230943;FR;Valeo S.A.;11/01/2023;0.625
FR0010033381;FR;Veolia Environnement S.A.;25/11/2033;6.125
XS0439828269;FI;Verbund AG;16/07/2019;4.75
XS1140300663;FI;Verbund AG;20/11/2024;1.5
XS0942081570;DE;Vier Gas Transport GmbH;12/06/2020;2
XS0942082115;DE;Vier Gas Transport GmbH;12/06/2025;2.875
XS0951155869;DE;Vier Gas Transport GmbH;10/07/2023;3.125
FR0010830034;FR;Vivendi S.A.;02/12/2019;4.875
XS0168881760;DE;Volkswagen Intl Finance N.V.;22/05/2018;5.375
XS0731681556;DE;Volkswagen Intl Finance N.V.;21/01/2019;3.25
XS0873793375;DE;Volkswagen Intl Finance N.V.;14/01/2020;2
XS0909788290;DE;Volkswagen Intl Finance N.V.;26/03/2021;2
XS1167644407;DE;Volkswagen Intl Finance N.V.;16/01/2023;0.875
XS1167667283;DE;Volkswagen Intl Finance N.V.;16/01/2030;1.625
XS1586555515;DE;Volkswagen Intl Finance N.V.;29/03/2019;floater
XS1586555606;DE;Volkswagen Intl Finance N.V.;30/03/2021;0.5
XS1586555861;DE;Volkswagen Intl Finance N.V.;02/10/2023;1.125
XS1586555945;DE;Volkswagen Intl Finance N.V.;30/03/2027;1.875
DE000A1HRVD5;DE;Vonovia Finance B.V.;08/10/2021;3.625
DE000A1ZLUN1;DE;Vonovia Finance B.V.;09/07/2022;2.125
DE000A1ZY971;DE;Vonovia Finance B.V.;30/03/2020;0.875
DE000A1ZY989;DE;Vonovia Finance B.V.;31/03/2025;1.5
DE000A18V138;DE;Vonovia Finance B.V.;15/12/2020;1.625
DE000A18V146;DE;Vonovia Finance B.V.;15/12/2023;2.25
DE000A19B8D4;DE;Vonovia Finance B.V.;25/01/2022;0.75
DE000A19B8E2;DE;Vonovia Finance B.V.;25/01/2027;1.75
DE000A182VS4;DE;Vonovia Finance B.V.;10/06/2022;0.875
DE000A182VT2;DE;Vonovia Finance B.V.;10/06/2026;1.5
DE000A189ZX0;DE;Vonovia Finance B.V.;06/12/2024;1.25
FR0011036979;FR;Wendel S.A.;20/04/2018;6.75
FR0013005196;FR;Wendel S.A.;10/04/2020;1.875
FR0013213709;FR;Wendel S.A.;20/04/2023;1
XS1514149159;BE;Whirlpool Finance Luxembourg S.a.r.l.;02/11/2026;1.25
XS0907301260;BE;Wolters Kluwer N.V.;21/03/2023;2.875
XS1067329570;BE;Wolters Kluwer N.V.;13/05/2024;2.5
XS1575992596;BE;Wolters Kluwer N.V.;22/03/2027;1.5
XS1533928971;BE;WPC Eurobond B.V.;19/07/2024;2.25
XS1112013666;FR;WPP Finance S.A.;22/09/2026;2.25
DE000A1HJ483;DE;Würth Finance International BV;21/05/2020;1.75
XS0625977987;DE;Würth Finance International BV;25/05/2018;3.75
XS1234248919;DE;Würth Finance International BV;19/05/2022;1
XS0979598207;BE;Západoslovenská energetika AS;14/10/2018;2.875
XS0979598462;BE;Západoslovenská energetika AS;14/10/2023;4
XS1628004779;FI;Kojamo Oyj;19/06/2024;1.5
FR0010096941;FR;La Poste;08/07/2019;4.75
XS1632897762;BE;TenneT Holding BV;26/06/2025;0.75
XS1632897929;BE;TenneT Holding BV;26/06/2029;1.375
BE6248644013;BE;Anheuser-Busch InBev S.A./N.V.;24/01/2033;3.25
BE6276039425;BE;Anheuser-Busch InBev S.A./N.V.;20/04/2023;0.8
BE6276040431;BE;Anheuser-Busch InBev S.A./N.V.;18/04/2030;1.5
BE6285451454;BE;Anheuser-Busch InBev S.A./N.V.;17/03/2020;0.625
BE6285452460;BE;Anheuser-Busch InBev S.A./N.V.;17/03/2022;0.875
BE6285454482;BE;Anheuser-Busch InBev S.A./N.V.;17/03/2025;1.5
BE6285455497;BE;Anheuser-Busch InBev S.A./N.V.;17/03/2028;2
BE6285457519;BE;Anheuser-Busch InBev S.A./N.V.;17/03/2036;2.75
IT0004869985;IT;Atlantia S.p.A.;30/11/2018;3.625
IT0005108490;IT;Autostrade per L'Italia S.p.A.;12/06/2023;1.625
FR0013264405;FR;Coentreprise de Transport d'Electricité;29/09/2024;0.875
FR0013264421;FR;Coentreprise de Transport d'Electricité;29/07/2028;1.5
FR0013264439;FR;Coentreprise de Transport d'Electricité;29/07/2032;2.125
BE0002269380;BE;Cofinimmo S.A./N.V.;09/12/2024;2
XS1637093508;BE;Compass Group International BV;03/07/2024;0.625
DE000A2GSCW3;DE;Daimler AG;03/07/2029;1.5
DE000A2GSCX1;DE;Daimler AG;03/07/2037;2.125
DE000A2GSCY9;DE;Daimler AG;03/07/2024;0.119
BE0002178441;BE;Delhaize Group S.A.;19/10/2018;4.25
BE0002420926;BE;Eandis CVBA;30/11/2022;2.75
BE0002443183;BE;Eandis CVBA;09/10/2023;2.875
BE0002470459;BE;Eandis CVBA;07/05/2029;2.875
FR0010800540;FR;Electricité de France (E.D.F.);11/09/2024;4.625
FR0010891317;FR;Electricité de France (E.D.F.);26/04/2030;4.625
FR0010961540;FR;Electricité de France (E.D.F.);12/11/2025;4
FR0010961581;FR;Electricité de France (E.D.F.);12/11/2040;4.5
FR0011182641;FR;Electricité de France (E.D.F.);18/01/2022;3.875
FR0011225143;FR;Electricité de France (E.D.F.);25/03/2027;4.125
FR0011318658;FR;Electricité de France (E.D.F.);10/03/2023;2.75
FR0011637586;FR;Electricité de France (E.D.F.);27/04/2021;2.25
FR0013213295;FR;Electricité de France (E.D.F.);13/10/2026;1
FR0013213303;FR;Electricité de France (E.D.F.);13/10/2036;1.875
XS0342783692;FR;Electricité de France (E.D.F.);05/02/2018;5
XS0367001228;FR;Electricité de France (E.D.F.);29/05/2020;5.375
XS0409749206;FR;Electricité de France (E.D.F.);25/01/2021;6.25
BE0002239086;BE;Elia System Operator S.A./N.V.;27/05/2024;1.375
BE0002276450;BE;Elia System Operator S.A./N.V.;07/04/2027;1.375
BE0002466416;BE;Elia System Operator S.A./N.V.;07/04/2029;3
IT0004794142;IT;ENEL S.p.A.;20/02/2018;4.875
FR0010952739;FR;Engie S.A.;18/10/2017;2.75
FR0011147305;FR;Engie S.A.;21/01/2020;3.125
FR0011261916;FR;Engie S.A.;01/06/2018;2.25
FR0011289222;FR;Engie S.A.;20/07/2017;1.5
FR0011911239;FR;Engie S.A.;19/05/2020;1.375
FR0011911247;FR;Engie S.A.;19/05/2026;2.375
FR0012602753;FR;Engie S.A.;13/03/2022;0.5
FR0012602761;FR;Engie S.A.;13/03/2026;1
FR0013245859;FR;Engie S.A.;27/03/2024;0.875
FR0013245867;FR;Engie S.A.;27/03/2028;1.5
FR0013260767;FR;Engie S.A.;07/06/2032;1.625
IT0004760655;IT;ENI S.p.A.;11/10/2017;4.875
XS0954248729;IT;Ferrovie dello Stato Ital.SpA;22/07/2020;4
XS1639488771;IT;Ferrovie dello Stato Ital.SpA;27/06/2025;1.5
FR0013262698;FR;Fonciere des Regions S.A.;21/06/2027;1.5
XS1111108673;FR;Holding d'Infrastr. de Transp.;24/03/2025;2.25
XS1086104681;IT;Iren S.p.A.;14/07/2021;3
DE000A1PGZ82;DE;K+S Aktiengesellschaft;20/06/2022;3
XS0997941199;DE;K+S Aktiengesellschaft;06/12/2018;3.125
XS0997941355;DE;K+S Aktiengesellschaft;06/12/2021;4.125
FR0011321405;FR;Klepierre;17/09/2019;2.75
FR0012674661;FR;Klepierre;17/04/2023;1
FR0013121753;FR;Klepierre;19/02/2026;1.875
FR0013203825;FR;Klepierre;29/09/2031;1.25
FR0013238045;FR;Klepierre;16/02/2027;1.375
FR0011360478;FR;La Poste;26/11/2024;2.75
FR0012758985;FR;La Poste;04/06/2025;1.125
FR0013266830;FR;Legrand S.A.;06/07/2024;0.75
FR0013266848;FR;Legrand S.A.;06/07/2032;1.875
FR0012332203;FR;Mercialys;31/03/2023;1.787
FR0011560069;FR;Orange S.A.;03/09/2018;1.875
FR0011560077;FR;Orange S.A.;09/01/2024;3.125
FR0013217114;FR;Orange S.A.;03/02/2027;0.875
FR0013241536;FR;Orange S.A.;11/09/2023;0.75
FR0013241676;FR;Orange S.A.;09/09/2027;1.5
XS0541453147;FR;Orange S.A.;16/09/2022;3.375
XS0563306314;FR;Orange S.A.;14/01/2021;3.875
XS0616431507;FR;Orange S.A.;23/01/2019;4.125
XS0794245018;FR;Orange S.A.;15/06/2022;3
XS0827999318;FR;Orange S.A.;01/03/2023;2.5
XS0911431517;FR;Orange S.A.;02/10/2019;1.875
FR0012969038;FR;Sanofi S.A.;22/09/2025;1.5
FR0013143989;FR;Sanofi S.A.;05/04/2019;0
FR0013143997;FR;Sanofi S.A.;05/04/2024;0.625
FR0013144003;FR;Sanofi S.A.;05/04/2028;1.125
FR0013201613;FR;Sanofi S.A.;13/01/2020;0
FR0013201621;FR;Sanofi S.A.;13/09/2022;0
FR0013201639;FR;Sanofi S.A.;13/01/2027;0.5
FR0011075183;FR;Schneider Electric SE;12/07/2018;3.75
FR0011119460;FR;Schneider Electric SE;22/01/2019;3.5
FR0011561000;FR;Schneider Electric SE;06/09/2021;2.5
FR0012601367;FR;Schneider Electric SE;11/03/2025;0.875
FR0012939841;FR;Schneider Electric SE;08/09/2023;1.5
FR0013201308;FR;Schneider Electric SE;09/09/2024;0.25
XS1558472129;FR;SNCF Mobilités;02/02/2029;1.5
XS1622414438;FR;SNCF Mobilités;02/02/2029;1.5
FR0010913780;FR;Suez S.A.;24/06/2022;4.125
FR0011048966;FR;Suez S.A.;17/05/2021;4.078
FR0011585215;FR;Suez S.A.;09/10/2023;2.75
FR0012949923;FR;Suez S.A.;10/09/2025;1.75
FR0013248507;FR;Suez S.A.;03/04/2025;1
FR0013248523;FR;Suez S.A.;03/04/2029;1.5
XS0974375130;IT;Telecom Italia S.p.A.;25/09/2020;4.875
XS0830194501;FR;Total Capital International S.A.;15/03/2023;2.125
XS0994990280;FR;Total Capital International S.A.;19/11/2021;2.125
XS0994991411;FR;Total Capital International S.A.;19/11/2025;2.875
XS1048519679;FR;Total Capital International S.A.;25/03/2026;2.5
XS1139315581;FR;Total Capital International S.A.;19/03/2025;1.375
XS1443997223;FR;Total Capital International S.A.;12/07/2023;0.25
XS1443997819;FR;Total Capital International S.A.;12/07/2028;0.75
FR0010261396;FR;Veolia Environnement S.A.;11/12/2020;4.375
FR0010474239;FR;Veolia Environnement S.A.;24/05/2022;5.125
FR0011224963;FR;Veolia Environnement S.A.;30/03/2027;4.625
FR0012663169;FR;Veolia Environnement S.A.;10/01/2028;1.59
FR0013210408;FR;Veolia Environnement S.A.;04/10/2023;0.314
FR0013210416;FR;Veolia Environnement S.A.;04/01/2029;0.927
FR0013246725;FR;Veolia Environnement S.A.;30/03/2022;0.672
FR0013246733;FR;Veolia Environnement S.A.;30/11/2026;1.496
FR0013176302;FR;Vivendi S.A.;26/05/2021;0.75
FR0013176310;FR;Vivendi S.A.;26/05/2026;1.875
FR0013220399;FR;Vivendi S.A.;24/11/2023;1.125
BE0002285543;BE;Eandis CVBA;23/06/2025;2
XS1301052202;BE;Royal Schiphol Group N.V.;05/10/2026;2
FR0013266343;FR;GECINA;30/06/2022;floater
XS1645722262;IT;Atlantia S.p.A.;13/07/2027;1.875
XS1646530565;FI;Lietuvos energija UAB;14/07/2017;2
XS1024136282;BE;Heineken N.V.;30/07/2029;3.5
XS1652965085;BE;ADO Properties S.A.;26/07/2024;1.5
XS1650590349;FI;Steinhoff Europe AG;24/01/2025;1.875
FR0010952770;FR;Engie S.A.;18/10/2022;3.5
XS1654191623;BE;Unilever NV;31/07/2021;0
XS1654192191;BE;Unilever NV;31/07/2025;0.875
XS1654192274;BE;Unilever NV;31/07/2029;1.375
XS1654229373;BE;Grand City Properties S.A.;03/08/2026;1.375
XS0763379343;FI;Eesti Energia AS;02/10/2018;4.25
XS1652866002;IT;Terna Rete Elettrica Nazio.SpA;26/07/2027;1.375
XS0604641034;BE;CNH Industrial Finance Euro.SA;09/03/2018;6.25
XS1616917800;BE;CNH Industrial Finance Euro.SA;23/05/2022;1.375
FR0012315133;FR;LVMH Moët Henn. L. Vuitton SE;14/02/2019;floater
XS0868458653;IT;Telecom Italia S.p.A.;21/01/2020;4
FR0012199008;FR;Kering S.A.;01/10/2021;1.375
XS1114452060;BE;CNH Industrial Finance Euro.SA;9/27/2021;2.875
XS1412424662;BE;CNH Industrial Finance Euro.SA;5/17/2023;2.875
XS1673869977;BE;Aegon NV;8/30/2018;0
XS1672151492;BE;Holcim Finance S.A.;8/29/2029;1.75
XS1671754650;BE;Koninklijke Philips N.V.;06/09/2019;FLOATING
XS1671760384;BE;Koninklijke Philips N.V.;06/09/2023;0.5
DE000A19NS93;DE;Vonovia Finance B.V.;08/09/2025;1.125
XS1678966935;BE;CNH Industrial Finance Euro.SA;12/09/2025;1.75
XS1681521081;ES;Telefonica Emisiones S.A.U.;12/01/2028;1.715
XS1682538183;ES;Iberdrola Finanzas S.A.U.;13/09/2027;1.25
FR0013281888;FR;Valeo S.A.;12/09/2022;0.375
XS1139316555;FR;Total Capital International S.A.;19/03/2020;FLOATING
XS1683495052;BE;John Deere Cash Management SA;15/09/2020;FLOATING
XS1683495136;BE;John Deere Cash Management SA;15/09/2023;0.5
DE000A19NY87;DE;Daimler Intl Finance B.V.;13/09/2021;0.2
XS1685798370;BE;Koninklijke Ahold Delhaize N.V.;19/09/2024;0.875
XS1684831982;ES;Merlin Properties SOCIMI S.A.;18/09/2029;2.375
XS1684269332;IT;ENI S.p.A.;14/03/2025;1
XS1685542497;IT;Italgas S.P.A.;18/01/2029;1.625
XS0161100515;BE;Telecom Italia Finance S.A.;24/01/2033;7.75
DE000A1HNW52;DE;Vonovia Finance B.V.;25/07/2019;3.125
XS1626600040;DE;Deutsche Bahn Finance B.V.;08/12/2032;1.5
XS1689523840;DE;Brenntag Finance B.V.;27/09/2025;1.125
FR0013282571;FR;Vivendi S.A.;18/09/2024;0.875
FR0013283140;FR;Suez S.A.;21/09/2032;1.625
FR0013284247;FR;Engie S.A.;28/02/2023;0.375
FR0013284254;FR;Engie S.A.;28/02/2029;1.375
FR0013284270;FR;Engie S.A.;28/09/2037;2
XS1688199949;IT;Autostrade per L'Italia S.p.A.;26/09/2029;1.875
XS1691781865;BE;Heineken N.V.;03/10/2029;1.5
XS1693818285;FR;Total Capital International S.A.;04/10/2024;0.625
XS1693818525;FR;Total Capital International S.A.;04/10/2029;1.375
XS1695276367;ES;Gas Natural Fenosa Finance BV;10/05/2029;1.875
FR0013286788;FR;Compagnie Fin. Ind. Autoroutes;10/13/2027;1.125
FR0013286846;FR;Legrand S.A.;10/09/2023;0.5
XS1698218523;IT;Telecom Italia S.p.A.;10/12/2027;2.375
XS1702729275;DE;innogy Finance B.V.;19/10/2027;1.25
FR0010870949;FR;Alstom S.A.;18/03/2020;4.5
XS0894202968;FR;Unibail-Rodamco SE;25/02/2021;2.375
XS1698714000;IT;Beni Stabili S.p.A. SIIQ;17/10/2024;1.625
XS1705553250;BE;Stedin Holding N.V.;24/10/2025;0.875
XS1705553417;BE;Stedin Holding N.V.;24/10/2022;FLOATING
DE000A1HG1K6;DE;Allianz Finance II B.V.;13/03/2028;3
XS1706921951;IT;Esselunga S.p.A.;25/10/2023;0.875
XS1706922256;IT;Esselunga S.p.A.;25/10/2027;1.875
XS1707074941;BE;Nestlé Finance Intl Ltd.;18/01/2024;0.375
XS1707075245;BE;Nestlé Finance Intl Ltd.;11/02/2037;1.75
XS1707075328;BE;Nestlé Finance Intl Ltd.;11/02/2029;1.25
FR0013264488;FR;Regie Autonome des Transports Parisiens (RATP);25/05/2027;0.875
FR0013292968;FR;Engie S.A.;28/09/2037;2
FR0013293362;FR;Mercialys;11/03/2027;2
XS1701884204;IT;A2A S.p.A.;19/10/2027;1.625
XS1704789590;IT;Iren S.p.A.;24/10/2027;1.5
XS1709374497;IT;2i Rete Gas S.p.A.;31/10/2027;1.608
XS1046851025;BE;CNH Industrial Finance Euro.SA;18/03/2019;2.75
XS1715306012;BE;Aroundtown SA;07/01/2025;1
XS1716616179;BE;Whirlpool Finance Luxembourg S.a.r.l.;09/11/2027;1.1
XS1715353105;BE;Akzo Nobel N.V.;08/11/2019;FLOATING
DE000A2GSLY0;DE;Daimler AG;15/11/2027;1
DE000A19RXA1;DE;Daimler Intl Finance B.V.;13/11/2019;FLOATING
XS1718393439;ES;Gas Natural Fenosa Finance BV;15/05/2025;0.875
XS1700721464;IT;Snam S.p.A.;25/10/2027;1.375
XS1709433509;BE;PostNL NV;21/11/2024;1
XS1721051495;BE;EDP Finance B.V.;22/11/2027;1.5
DE000A19SE11;DE;Vonovia Finance B.V.;20/11/2019;FLOATING
FR0013298387;FR;Veolia Environnement S.A.;23/11/2020;0
BE6256887967;BE;Brussels Airport Company SA/NV;09/09/2025;3.3
XS1724873275;DE;Südzucker Intl Finance B.V.;28/11/2025;1
XS1726152108;ES;Iberdrola Finanzas S.A.U.;29/11/2029;1.621
DE000A19S4T0;DE;Allianz Finance II B.V.;07/12/2020;FLOATING
DE000A19S4U8;DE;Allianz Finance II B.V.;06/06/2023;0.25
DE000A19S4V6;DE;Allianz Finance II B.V.;06/12/2027;0.875
ES0224261059;ES;Corporacion de Reservas Estrategicas de Productos Petroliferos;24/11/2027;1.75
XS1729879822;ES;Prosegur Cash S.A.;04/02/2026;1.375
FR0013298676;FR;Holding d'Infrastr. de Transp.;27/11/2027;1.625
FR0013298684;FR;Holding d'Infrastr. de Transp.;27/03/2023;0.625
XS0215093534;IT;Leonardo S.p.A.;24/03/2025;4.875
XS0458887030;IT;Leonardo S.p.A.;21/01/2022;5.25
XS0999654873;IT;Leonardo S.p.A.;19/01/2021;4.5
XS1627782771;IT;Leonardo S.p.A.;07/06/2024;1.5
XS1734533372;DE;Deutsche Post AG;13/12/2027;1
FR0013300605;FR;Klepierre;13/12/2032;1.625
FR0013302809;FR;Schneider Electric SE;13/12/2026;0.875
XS1718281808;IT;2i Rete Gas S.p.A.;31/10/2027;1.608
XS1732400319;IT;Ferrovie dello Stato Ital.SpA;07/12/2023;0.875
DE000A19UNN9;DE;Daimler Intl Finance B.V.;11/01/2023;FLOATING
XS1747444245;DE;BMW Finance N.V.;10/07/2023;0.375
XS1747444831;DE;BMW Finance N.V.;10/01/2028;1.125
PTMTLDOM0005;BE;Metropolitano de Lisboa;04/02/2019;5.75
XS1753814737;BE;REN Finance B.V.;18/01/2028;1.75
DE000A19UR61;DE;Vonovia Finance B.V.;15/01/2024;0.75
DE000A19UR79;DE;Vonovia Finance B.V.;14/01/2028;1.5
FR0013310224;FR;Orange S.A.;16/01/2030;1.375
BE6301509012;BE;Anheuser-Busch InBev S.A./N.V.;15/04/2024;FLOATING
BE6301510028;BE;Anheuser-Busch InBev S.A./N.V.;22/01/2027;1.15
BE6301511034;BE;Anheuser-Busch InBev S.A./N.V.;23/01/2035;2
XS1756296965;ES;Telefonica Emisiones S.A.U.;22/01/2027;1.447
FR0013310455;FR;Autoroutes du Sud de la France;22/01/2030;1.375
XS1750986744;IT;ENEL Finance Intl N.V.;16/09/2026;1.125
XS1732232340;DE;Deutsche Telekom Intl Fin.B.V.;12/13/2024;0.625
XS1761785077;DE;innogy Finance B.V.;7/31/2029;1.5
XS1755428502;ES;Gas Natural Fenosa Finance BV;1/29/2028;1.5
XS1761721262;BE;Aroundtown S.A., Luxembourg;1/31/2028;1.625
XS1062909624;ES;Gas Natural Fenosa Finance BV;5/8/2023;2.625
XS1759603761;ES;Prosegur Compania de Seguridad, S.A., Madrid;2/8/2023;1
XS1764062326;ES;Iberdrola Finanzas S.A.U.;11/29/2029;1.621
FR0012969012;FR;Sanofi S.A.;3/22/2019;FLOATING
XS1769040111;BE;Novartis Finance S.A.;14/08/2023;0.5
XS1769041192;BE;Novartis Finance S.A.;14/08/2030;1.375
XS1769041606;BE;Novartis Finance S.A.;14/08/2038;1.7
XS1769090728;BE;Unilever NV;12/08/2023;0.5
XS1769090991;BE;Unilever NV;12/02/2027;1.125
XS1769091296;BE;Unilever NV;12/02/2033;1.625
XS1752475720;DE;Deutsche Bahn Finance B.V.;17/12/2027;1
FR0013030038;FR;Klepierre;22/10/2025;2.125
XS1781401085;BE;Grand City Properties S.A.;2/22/2027;1.5
XS1775786574;FI;Sampo OYJ;2/21/2028;1.625
XS1767087866;IT;ACEA S.p.A.;6/8/2027;1.5
XS1772457633;IT;Beni Stabili S.p.A. SIIQ;2/20/2028;2.375
PTCFPAOM0002;BE;CP Comboios de Portugal, E.P.E.;16/10/2019;4.17
PTMTLCOM0006;BE;Metropolitano de Lisboa;07/12/2027;4.799
XS1019821732;BE;Holcim Finance (Luxembg) S.A.;22/01/2024;3
XS1772374770;DE;Deutsche Bahn Finance B.V.;16/08/2033;1.625
FR0013320249;FR;Mercialys;27/02/2026;1.8
XS1785458172;BE;WPC Eurobond B.V.;15/04/2027;2.125
XS1785356251;FI;Kojamo Oyj;07/03/2025;1.625
FR0013321080;FR;Legrand S.A.;06/03/2026;1
XS1218319702;FR;Unibail-Rodamco SE;14/03/2025;1
BE0002584622;BE;Befimmo SA;12/03/2026;2.098
XS1788586375;ES;Red Eléctrica Financ. S.A.U.;13/03/2027;1.25
XS1787477543;BE;Koninklijke Ahold Delhaize N.V.;19/03/2026;1.125
XS1787517199;BE;Koninklijke Ahold Delhaize N.V.;19/03/2021;FLOATING
XS1793224632;BE;RELX Finance B.V.;13/05/2027;1.5
DE000A19X793;DE;Vonovia Finance B.V.;22/12/2022;FLOATING
DE000A19X8A4;DE;Vonovia Finance B.V.;22/03/2026;1.5
DE000A19X8B2;DE;Vonovia Finance B.V.;22/03/2030;2.125
DE000A19X8C0;DE;Vonovia Finance B.V.;22/03/2038;2.75
FR0013323870;FR;Orange S.A.;20/03/2028;1.375
FR0013324316;FR;Sanofi S.A.;21/03/2020;FLOATING
FR0013324324;FR;Sanofi S.A.;21/03/2020;0
FR0013324332;FR;Sanofi S.A.;21/03/2023;0.5
FR0013324340;FR;Sanofi S.A.;21/03/2026;1
FR0013324357;FR;Sanofi S.A.;21/03/2030;1.375
FR0013324373;FR;Sanofi S.A.;21/03/2038;1.875
XS1793349926;FR;Compagnie de Saint-Gobain S.A.;23/03/2026;1.125
XS1789751531;BE;Richemont International Holding SA;26/03/2026;1
XS1789752182;BE;Richemont International Holding SA;26/03/2030;1.5
XS1789759195;BE;Richemont International Holding SA;26/03/2038;2
DE000A2LQJ75;DE;Deutsche Börse AG;26/03/2028;1.125
FI4000312095;FI;DNA Oyj;27/03/2025;1.375
FR0013321536;FR;Dummy issuer - bond missing in EADB;07/03/2028;2.125
DE000A19Y1P6;DE;Daimler Intl Finance B.V.;09/04/2020;FLOATING
XS1808482746;DE;Hannover Rueck SE;18/04/2028;1.125
XS1799545329;ES;ACS Servicios Comunicaciones y Energia, S.L.;20/04/2026;1.875
XS1810653540;BE;HeidelbergCement Fin.Lux. S.A.;24/04/2028;1.75
XS1815116568;BE;Koninklijke Philips N.V.;02/05/2024;0.75
XS1815116998;BE;Koninklijke Philips N.V.;02/05/2028;1.375
XS1815135352;BE;Aroundtown SA;02/11/2026;2
FR0012283653;FR;Klepierre;06/11/2024;1.75
DE000A190ND6;DE;Daimler Intl Finance B.V.;11/05/2022;0.25
DE000A190NE4;DE;Daimler Intl Finance B.V.;11/11/2025;1
XS1816329418;FI;Teollisuuden Voima Oyj;08/05/2024;2
PTNOSFOM0000;BE;NOS SGPS, Lisbon;02/05/2023;1.125
XS1782806357;BE;Západoslovenská energetika AS;02/03/2028;1.75
XS1713464102;FI;Elering A.S.;03/05/2023;0.875
FR0013332970;FR;Unibail-Rodamco SE;14/05/2021;0.125
FR0013332988;FR;Unibail-Rodamco SE;15/09/2025;1.125
FR0013332996;FR;Unibail-Rodamco SE;15/01/2031;1.875
FR0013333002;FR;Unibail-Rodamco SE;14/05/2038;2.25
XS1823246712;DE;BMW Finance N.V.;22/11/2022;0.5
XS1823246803;DE;BMW Finance N.V.;22/05/2026;1.125
XS1823518730;DE;Würth Finance International BV;26/05/2025;1
XS1829217345;DE;innogy Finance B.V.;30/05/26;1.625
XS1829217428;DE;innogy Finance B.V.;30/11/22;0.75
FR0013336435;FR;Unibail-Rodamco SE;30/05/20;FLOATING
XS1789623029;BE;Euronext NV;18/04/2025;1
XS1823165631;BE;Paccar Financial Europe B.V.;18/05/2021;FLOATING
XS1828037587;BE;TenneT Holding BV;05/06/2028;1.375
XS1828037827;BE;TenneT Holding BV;05/06/2034;2
XS1837288494;DE;Knorr-Bremse AG;13/06/2025;1.125
FI4000282629;FI;Metsa Board Oyj;29/09/2027;2.75
FR0013342128;FR;Carrefour SA;12/06/2023;0.875
FR0011289230;FR;Engie S.A.;20/07/2022;2.625
FR0013342334;FR;Valeo S.A.;18/06/2025;1.5
FR0013344215;FR;Schneider Electric SE;21/06/2027;1.375
DE000A1919G4;BE;JAB Holdings B.V.;25/06/2026;1.75
DE000A1919H2;BE;JAB Holdings B.V.;25/06/2029;2.5
XS1846632104;BE;EDP Finance B.V.;26/01/2026;1.625
XS1828032513;DE;Deutsche Telekom Intl Fin.B.V.;01/12/2022;0.625
XS1828033834;DE;Deutsche Telekom Intl Fin.B.V.;01/12/2029;2
XS1840614736;DE;Bayer Capital Corp. B.V.;26/06/2022;FLOATING
XS1840614900;DE;Bayer Capital Corp. B.V.;15/12/2022;0.625
XS1840618059;DE;Bayer Capital Corp. B.V.;26/06/2026;1.5
XS1840618216;DE;Bayer Capital Corp. B.V.;15/12/2029;2.125
XS1847692636;ES;Iberdrola Finanzas S.A.U.;28/10/2026;1.25
FR0013344686;FR;Engie S.A.;22/06/2028;1.375
FR0013346137;FR;Autoroutes du Sud de la France;27/06/2028;1.375
XS1844215696;FR;Compagnie de Saint-Gobain S.A.;25/06/2020;FLOATING
XS1846631049;IT;Telecom Italia S.p.A.;28/01/2026;2.875
PTMTLBOM0007;BE;Metropolitano de Lisboa;04/12/2026;4.061
DE000A192ZH7;DE;Vonovia Finance B.V.;03/07/2023;0.875
FR0013346814;FR;Altareit SCA;02/07/2025;2.875
XS1854532949;DE;Fresenius Medical Care AG & Co KGaA;11/07/2025;1.5
XS1855440019;DE;innogy Finance B.V.;30/11/2022;0.75
FR0010394437;FR;La Poste;08/11/2021;4.25
FR0012969020;FR;Sanofi S.A.;22/09/2021;0.875
XS1858912915;IT;Terna Rete Elettrica Nazio.SpA;23/07/2023;1
FI4000223532;FI;Kojamo Oyj;17/10/2023;1.625
XS1863994981;BE;HeidelbergCement Fin.Lux. S.A.;09/08/2022;0.5
DE000A194DC1;DE;Daimler Intl Finance B.V.;09/08/2021;0.25
DE000A194DD9;DE;Daimler Intl Finance B.V.;09/04/2024;0.875
DE000A194DE7;DE;Daimler Intl Finance B.V.;09/02/2027;1.5
XS0500397905;FR;Orange S.A.;09/04/2020;3.875
XS1873143561;DE;BMW Finance N.V.;29/11/2021;0.125
XS1873143645;DE;BMW Finance N.V.;29/08/2025;1
XS1822791619;BE;Citycon Treasury B.V.;15/01/2027;2.375
XS1873208950;BE;Unilever NV;06/01/2025;0.5
XS1873209172;BE;Unilever NV;04/09/2030;1.375
XS1876069185;BE;Compass Group Finance Netherlands B.V., Amsterdam;05/09/2028;1.5
XS1874127811;DE;Siemens Financieringsmaatschappij N.V.;06/09/2023;0.375
XS1874127902;DE;Siemens Financieringsmaatschappij N.V.;06/09/2030;1.375
XS1874128033;DE;Siemens Financieringsmaatschappij N.V.;06/09/2027;1
FR0013357845;FR;Compagnie Generale des Etablissements Michelin, Clermont-Ferrand;03/09/2025;0.875
FR0013357852;FR;Compagnie Generale des Etablissements Michelin, Clermont-Ferrand;03/09/2030;1.75
FR0013357860;FR;Compagnie Generale des Etablissements Michelin, Clermont-Ferrand;03/09/2038;2.5
XS1874122267;FR;Total Capital International S.A.;04/09/2030;1.491
XS1874122770;FR;Total Capital International S.A.;04/03/2027;1.023
XS1877846110;ES;Telefonica Emisiones S.A.U.;11/09/2025;1.495
FR0013359197;FR;Orange S.A.;12/09/2025;1
FR0013359239;FR;Orange S.A.;12/09/2030;1.875
XS1877937851;IT;2i Rete Gas S.p.A.;11/09/2025;2.195
BE0002596741;BE;Elia System Operator S.A./N.V.;05/09/2028;1.5
XS1823623878;BE;CNH Industrial Finance Euro.SA;19/01/2026;1.875
XS1877595014;BE;Heineken N.V.;17/03/2031;1.75
XS1877595444;BE;Heineken N.V.;17/03/2027;1.25
XS1878190757;ES;Amadeus IT Group SA, Madrid;18/03/2022;FLOATING
XS1878191052;ES;Amadeus IT Group SA, Madrid;18/09/2023;0.875
XS1878191219;ES;Amadeus IT Group SA, Madrid;18/09/2026;1.5
XS1577731604;FI;Nokia OYJ;15/03/2024;2
XS1624344542;FI;Stora Enso Oyj;07/06/2027;2.5
FR0013359254;FR;Suez S.A.;17/09/2030;1.625
XS1881574591;FR;Compagnie de Saint-Gobain S.A.;21/09/2023;0.875
XS1881593971;FR;Compagnie de Saint-Gobain S.A.;21/09/2028;1.875
XS1881004730;IT;Snam S.p.A.;18/09/2023;1
XS1878266326;BE;Stedin Holding N.V.;19/09/2028;1.375
XS1882681452;DE;Vier Gas Transport GmbH;25/09/2028;1.5
XS1888229249;DE;Bertelsmann SE  KGaA;29/09/2025;1.25
XS1888184121;FI;Sampo OYJ;27/09/2030;2.25
FR0013365285;FR;Engie S.A.;19/09/2025;0.875
FR0013365293;FR;Engie S.A.;19/09/2033;1.875
FR0013367422;FR;Covivio Hotels SACA, Paris;24/09/2025;1.875
XS1881533563;IT;Iren S.p.A.;19/09/2025;1.95
XS1828032786;DE;Deutsche Telekom Intl Fin.B.V.;01/12/2025;1.375
XS1794354628;FI;Stora Enso Oyj;21/03/2028;2.5
FR0013369493;FR;Eutelsat S.A.;02/10/2025;2
XS1843459600;BE;WPC Eurobond B.V.;09/04/2026;2.25
XS1893621026;BE;EDP Finance B.V.;13/10/2025;1.875
XS1843459436;DE;Amphenol Technologies Holding GmbH;08/10/2028;2
XS1891195775;FR;Compagnie de Saint-Gobain S.A.;21/09/2028;1.875
XS1885608817;DE;Deutsche Bahn Finance B.V.;28/03/2031;1.375
FR0013368545;FR;Electricité de France (E.D.F.);02/10/2030;2
XS1892117919;BE;Nederlandse Gasunie, N.V.;16/10/2028;1.375
XS1401125346;IT;Buzzi Unicem S.p.A., Casale Monferrato;28/04/2023;2.125
XS1853999313;FI;Lietuvos energija UAB;10/07/2028;1.875
FR0013378445;FR;Atos SE, Bezons;07/05/2022;0.75
FR0013378452;FR;Atos SE, Bezons;07/05/2025;1.75
FR0013378460;FR;Atos SE, Bezons;07/11/2028;2.5
XS1898256257;FR;Schlumberger Fin. France SAS;18/02/2026;1
XS1900101046;BE;Royal Schiphol Group N.V.;05/11/2030;1.5
XS1910245593;DE;BMW Finance N.V.;14/01/2022;0.25
XS1910245676;DE;BMW Finance N.V.;14/11/2024;1
XS1910947941;DE;Volkswagen Intl Finance N.V.;16/11/2024;FLOATING
XS1910948162;DE;Volkswagen Intl Finance N.V.;16/11/2027;2.625
XS1910948329;DE;Volkswagen Intl Finance N.V.;18/11/2030;3.25
XS1910948675;DE;Volkswagen Intl Finance N.V.;16/11/2038;4.125
XS1903442744;FI;ESB Finance DAC;05/11/2033;2.125
XS1917358621;DE;Deutsche Post AG;05/12/2028;1.625
FR0013383213;FR;Carrefour SA;04/05/2026;1.75
FR0013385473;FR;Veolia Environnement S.A.;07/01/2030;1.94
FR0013385655;FR;Edenred S.A.;06/03/2026;1.875
AT0000A24UY3;FI;Borealis AG;10/12/2025;1.75
FR0010922534;FR;Schneider Electric SE;20/07/2020;3.625
BE0002629104;BE;Elia System Operator S.A./N.V.;14/01/2026;1.375
XS1936139770;DE;Deutsche Bahn Finance B.V.;18/12/2028;1.125
FR0013396876;FR;Schneider Electric SE;15/01/2028;1.5
XS1946004451;ES;Telefonica Emisiones S.A.U.;05/02/2024;1.069
XS1958214964;BE;Paccar Financial Europe B.V.;07/03/2022;0.125
XS1953833750;FI;Elisa Oyj;26/02/2026;1.125
BE6312821612;BE;Anheuser-Busch InBev S.A./N.V.;01/07/2027;1.125
BE6312822628;BE;Anheuser-Busch InBev S.A./N.V.;28/03/2031;1.65
FR0013409851;FR;Sanofi S.A.;21/03/2034;1.25
XS1936208419;DE;Fresenius SE & Co. KGaA;15/02/2029;2.875
XS1955187692;DE;Siemens Financieringsmaatschappij N.V.;28/02/2024;0.3
FR0013409836;FR;Sanofi S.A.;21/03/2022;0
XS1979288328;BE;ABB Finance B.V.;12/10/2020;FLOATING
XS1936208252;DE;Fresenius SE & Co. KGaA;15/02/2025;1.875
XS1960685383;FI;Nokia Oyj, Espoo;11/03/2026;2
XS1937665955;IT;ENEL Finance Intl N.V.;21/07/2025;1.5
XS0809847667;BE;Akzo Nobel N.V.;27/07/2022;2.625
XS1980270810;IT;Terna Rete Elettrica Nazio.SpA;10/04/2026;1
DE000A2YB699;DE;Dummy issuer - Bond received in agency SL;26/03/2022;1.125
XS1957442541;IT;Snam S.p.A.;28/08/2025;1.25
DE000A2YB7A7;DE;Dummy issuer - Bond received in agency SL;26/03/2024;1.875
XS1995781546;BE;Coca Cola HBC Finance B.V.;14/05/2027;1
XS2001175657;BE;Koninklijke Philips N.V.;22/05/2026;0.5
XS1967636199;ES;Abertis Infraestructuras SA;27/03/2031;3
XS1995662027;BE;Adecco Intl Fin. Serv. B.V.;20/11/2029;1.25
XS1967635977;ES;Abertis Infraestructuras SA;27/09/2027;2.375
XS1996268253;FI;Eaton Capital Unlimited Co.;14/05/2021;0.021
DE000A2YB7B5;DE;Schaeffler AG;26/03/2027;2.875
XS1996435688;ES;CEPSA Finance, S.Aflds;16/02/2025;1
XS2002491780;BE;TenneT Holding BV;03/06/2030;0.875
XS2009943379;BE;Euronext N.V.;12/06/2029;1.125
XS2014382845;BE;Alliander N.V.;24/06/2032;0.875
XS2019976070;BE;ENEXIS Holding NV;02/07/2031;0.75
XS2018636600;BE;Koninklijke Ahold Delhaize N.V.;26/06/2025;0.25
DE000A2RYD91;DE;Daimler Intl Finance B.V.;26/06/2026;1.375
XS2025466413;ES;Abertis Infraestructuras SA;15/07/2025;0.625
DE000A2RYD83;DE;Daimler Intl Finance B.V.;27/02/2023;0.625
XS1955187775;DE;Siemens Financieringsmaatschappij N.V.;28/02/2028;0.9
XS2032727310;IT;Italgas S.P.A.;24/04/2030;0.875
XS2025480596;ES;Abertis Infraestructuras SA;15/07/2029;1.625
XS2035620710;ES;Repsol Intl Finance B.V.;02/08/2027;0.25
XS1961772560;ES;Telefonica Emisiones S.A.U.;12/03/2029;1.788
XS2001278899;IT;ACEA S.p.A.;23/05/2028;1.75
XS2033351995;IT;Terna Rete Elettrica Nazio.SpA;25/07/2025;0.125
XS1967635621;ES;Abertis Infraestructuras SA;27/06/2024;1.5
XS1577727164;FI;Nokia Oyj, Espoo;15/03/2021;1
BE6315847804;BE;Solvay S.A.;06/09/2029;0.5
XS2047479469;DE;HELLA GmbH & Co. KGaA;26/01/2027;0.5
DE000A2RWAX4;DE;Allianz Finance II B.V.;15/01/2026;0.875
DE000A2TR083;DE;Daimler AG;27/02/2031;2
XS2024715794;DE;Deutsche Telekom AG, Bonn;05/07/2027;0.5
XS1956027947;FI;Fortum Oyj, Helsinki;27/02/2029;2.125
XS2004381245;FR;Total Capital International S.A.;31/05/2039;1.535
XS2010044209;BE;Schlumberger Finance B.V.;15/10/2031;0.5
XS2010045198;BE;Schlumberger Finance B.V.;15/10/2027;0.25
XS2010045271;BE;Schlumberger Finance B.V.;15/10/2024;0
XS2047619064;BE;PostNL NV;23/09/2026;0.625
XS1969600748;BE;CNH Industrial Finance Euro.SA;25/03/2027;1.75
XS2002491863;BE;TenneT Holding BV;03/06/2039;1.5
XS2022084367;BE;CNH Industrial Finance Euro.SA;03/07/2029;1.625
XS2049726990;DE;Deutsche Lufthansa AG;06/09/2024;0.25
XS1901055472;DE;EnBW International Finance BV;31/10/2033;1.875
FR0013428513;FR;Engie S.A.;21/06/2039;1.375
XS2020608548;IT;Hera S.p.A.;05/07/2027;0.875
XS2023872174;BE;Aroundtown SA;09/07/2025;0.625
XS2023873149;BE;Aroundtown SA;09/07/2028;1.45
XS2060691040;BE;Nederlandse Gasunie, N.V.;03/10/2031;0.375
XS2055728054;DE;BMW Finance N.V.;24/09/2027;0.375
FR0013452620;FR;Suez S.A.;14/10/2031;0.5
XS2004381674;FR;Total Capital International S.A.;31/05/2028;0.696
XS2052310054;BE;LYB International Finance II;17/09/2026;0.875
DE000A2YNZW8;DE;Daimler AG;08/11/2026;0.375
XS1955187858;DE;Siemens Financieringsmaatschappij N.V.;28/02/2031;1.25
XS1956028168;FI;Fortum Oyj, Helsinki;27/02/2023;0.875
XS2009861480;FI;ESB Finance DAC;11/06/2030;1.125
FR0013405347;FR;LVMH Moët Henn. L. Vuitton SE;28/02/2023;0.125
FR0013428067;FR;Air Liquide Finance;20/06/2030;0.625
FR0013444775;FR;Engie S.A.;04/03/2027;0
XS2052313827;BE;LYB International Finance II;17/09/2031;1.625
XS2056374353;BE;Mondelez Intl Hldgs Nether. BV;01/10/2031;0.875
XS2056572154;BE;CK Hutchison Grp Tele.Fin. SA;17/10/2023;0.375
XS2057069093;BE;CK Hutchison Grp Tele.Fin. SA;17/04/2026;0.75
XS2057069762;BE;CK Hutchison Grp Tele.Fin. SA;17/10/2028;1.125
XS2057070182;BE;CK Hutchison Grp Tele.Fin. SA;17/10/2031;1.5
XS2078734626;BE;Shell International Finance BV;08/11/2027;0.125
XS2078735276;BE;Shell International Finance BV;08/11/2031;0.5
XS2078735433;BE;Shell International Finance BV;08/11/2039;0.875
DE000A2R9ZT1;DE;Daimler Intl Finance B.V.;06/11/2023;0.25
DE000A2R9ZU9;DE;Daimler Intl Finance B.V.;06/05/2027;0.625
DE000A2YPFU9;DE;Daimler AG;06/11/2031;1.125
XS0438844093;DE;EnBW International Finance BV;07/07/2039;6.125
XS1948611840;DE;BMW Finance N.V.;06/02/2029;1.5
XS2049616548;DE;Siemens Financieringsmaatschappij N.V.;05/09/2024;0
XS2055727916;DE;BMW Finance N.V.;24/03/2023;0
XS2020583618;ES;Telefonica Emisiones S.A.U.;01/07/2039;1.957
XS1956037664;FI;Fortum Oyj, Helsinki;27/02/2026;1.625
XS1996269061;FI;Eaton Capital Unlimited Co.;14/05/2025;0.697
XS2042667944;FI;Kerry Group Financial Services;20/09/2029;0.625
FR0013404571;FR;Autoroutes du Sud de la France;21/02/2031;1.375
FR0013405040;FR;Unibail-Rodamco SE;27/02/2034;1.75
FR0013431715;FR;Unibail-Rodamco SE;01/07/2049;1.75
FR0013444536;FR;Dassault Systemes;16/09/2024;0
FR0013444544;FR;Dassault Systemes;16/09/2026;0.125
FR0013444551;FR;Dassault Systemes;16/09/2029;0.375
FR0013455813;FR;Engie S.A.;24/10/2030;0.5
FR0013455821;FR;Engie S.A.;24/10/2041;1.25
XS2026171079;IT;Ferrovie dello Stato Ital.SpA;09/07/2026;1.125
XS2051660335;IT;Snam S.p.A.;12/05/2024;0
XS2051660509;IT;Snam S.p.A.;12/09/2034;1
XS2065601937;IT;Iren S.p.A.;14/10/2029;0.875
FR0013428489;FR;Engie S.A.;21/06/2027;0.375
FR0013456621;FR;Unibail-Rodamco SE;29/03/2032;0.875
XS2026150313;IT;A2A S.p.A.;16/07/2029;1
XS2082323630;BE;ArcelorMittal  S.A;19/05/2023;1
XS2082324018;BE;ArcelorMittal  S.A;19/11/2025;1.75
XS2082345955;BE;Coca Cola HBC Finance B.V.;21/11/2029;0.625
XS2010039381;DE;ZF Europe Finance B.V;23/02/2026;2
XS2010447238;DE;BMW Finance N.V.;13/07/2026;0.75
XS2079678400;BE;Stedin Holding N.V.;14/11/2029;0.5
DE000A254P51;DE;LEG Immobilien AG;28/11/2027;0.875
DE000A254P69;DE;LEG Immobilien AG;28/11/2034;1.625
XS2010039894;DE;ZF Europe Finance B.V;23/10/2029;3
XS2010039977;DE;ZF Europe Finance B.V;23/10/2027;2.5
XS2010040124;DE;ZF Europe Finance B.V;23/10/2023;1.25
XS2049616464;DE;Siemens Financieringsmaatschappij N.V.;05/09/2021;0
XS2049616621;DE;Siemens Financieringsmaatschappij N.V.;05/09/2029;0.125
XS2083146964;DE;Albemarle New Holding GmbH;25/11/2025;1.125
XS2083147343;DE;Albemarle New Holding GmbH;25/11/2028;1.625
XS2084488209;DE;Fresenius Medical Care AG and Co. KGaA, Bad Homburg;29/11/2029;1.25
XS2084497705;DE;Fresenius Medical Care AG and Co. KGaA, Bad Homburg;30/11/2026;0.625
XS2084510069;DE;Fresenius Medical Care AG and Co. KGaA, Bad Homburg;29/11/2023;0.25
XS2055651918;ES;Abertis Infraestructuras SA;26/03/2028;1.125
XS2083976139;ES;Naturgy Finance B.V.;28/11/2029;0.75
FR0013462728;FR;Ceetrus S.A;26/11/2026;2.75
XS2049090595;DE;Vier Gas Transport GmbH;10/09/2029;0.125
FR0013409844;FR;Sanofi S.A.;21/03/2029;0.875
FR0013444502;FR;Dassault Systemes;16/09/2022;0
DE000A2SBDE0;BE;JAB Holdings B.V.;20/12/2027;1
DE000A2SBDF7;BE;JAB Holdings B.V.;19/12/2039;2.25
XS2093242373;DE;Siemens Financieringsmaatschappij N.V.;17/12/2021;FLOATING
XS1981060624;IT;ERG S.p.A;11/04/2025;1.875
XS2090807293;IT;Italgas S.P.A.;11/12/2031;1
DE000A2YNZX6;DE;Daimler AG;08/02/2030;0.75
XS2088659789;FI;Gas Networks Ireland;04/12/2024;0.125
FR0011842913;FR;EssilorLuxottica S.A.;09/04/2024;2.375
FR0011842939;FR;EssilorLuxottica S.A.;09/04/2021;1.75
FR0013463643;FR;EssilorLuxottica S.A.;27/05/2023;0
FR0013463650;FR;EssilorLuxottica S.A.;27/05/2025;0.125
FR0013463668;FR;EssilorLuxottica S.A.;27/11/2027;0.375
FR0013463676;FR;EssilorLuxottica S.A.;27/11/2031;0.75
FR0013465424;FR;Electricité de France (E.D.F.);09/12/2049;2
XS1730873731;BE;ArcelorMittal  S.A;17/01/2023;0.95
XS1995795504;BE;Coca Cola HBC Finance B.V.;14/05/2031;1.625
XS2100663223;BE;Digital Dutch Finco BV;15/10/2022;0.125
XS2100663579;BE;Digital Dutch Finco BV;15/07/2025;0.625
XS2100664114;BE;Digital Dutch Finco BV;15/03/2030;1.5
DE000A28RSQ8;DE;Allianz Finance II B.V.;14/01/2025;0
DE000A28RSR6;DE;Allianz Finance II B.V.;14/01/2031;0.5
XS2101357072;DE;Fresenius SE & Co. KGaA;15/01/2028;0.75
XS2102355588;DE;BMW Finance N.V.;14/04/2023;0
XS2102357014;DE;BMW Finance N.V.;14/01/2027;0.375
XS2102357105;DE;BMW Finance N.V.;14/01/2032;0.875
XS2102916793;DE;Merck Financial Services GmbH;16/07/2025;0.125
XS2102932055;DE;Merck Financial Services GmbH;16/07/2028;0.5
FR0013476595;FR;Veolia Environnement S.A.;15/01/2031;0.664
XS1936308391;BE;ArcelorMittal  S.A;17/01/2024;2.25
XS2049146215;DE;Vier Gas Transport GmbH;10/09/2034;0.5
XS2102380776;DE;Deutsche Bahn Finance Gmbh;16/07/2035;0.75
XS2102934697;ES;Cellnex Telecom S.A.;20/04/2027;1
XS2103013210;ES;Red Eléctrica Financ. S.A.U.;24/07/2028;0.375
XS2013626010;FI;Zurich Finance (Ireland) DAC;17/06/2039;1.625
XS2046736752;FI;Atlas Copco Finance DAC;03/09/2029;0.125
FR0013015559;FR;Schneider Electric SE;13/10/2025;1.841
FR0013405032;FR;Unibail-Rodamco SE;27/02/2027;1
FR0013424868;FR;Vivendi S.A.;11/06/2025;0.625
DE000A2R7JD3;DE;Vonovia Finance B.V.;14/09/2029;0.5
DE000A2R7JE1;DE;Vonovia Finance B.V.;14/09/2034;1.125
DE000A2RWAY2;DE;Allianz Finance II B.V.;15/01/2030;1.5
DE000A2TSDD4;DE;Deutsche Telekom AG, Bonn;25/03/2026;0.875
XS2023644540;DE;Merck Financial Services GmbH;05/07/2031;0.875
XS2056430874;DE;Continental AG;27/06/2025;0.375
XS2020581752;ES;International Consolidated Airlines Group;04/07/2027;1.5
FR0013419736;FR;Carrefour SA;17/05/2027;1
FR0013433679;FR;Orange S.A.;11/07/2034;1.2
XS2112289207;ES;Telefonica Emisiones S.A.U.;03/02/2030;0.664
XS2113911387;ES;Abertis Infraestructuras SA;07/02/2028;1.25
FR0012516417;FR;Wendel S.A.;09/02/2027;2.5
FR0013444676;FR;Orange S.A.;04/09/2026;0
XS2114807691;BE;Tyco Electronics Group S.A.;14/02/2025;0
FR0013444692;FR;Orange S.A.;04/09/2049;1.375
FR0013482809;FR;LVMH Moët Henn. L. Vuitton SE;11/02/2022;FLOATING
FR0013482817;FR;LVMH Moët Henn. L. Vuitton SE;11/02/2024;0
FR0013482825;FR;LVMH Moët Henn. L. Vuitton SE;11/02/2026;0
FR0013482833;FR;LVMH Moët Henn. L. Vuitton SE;11/02/2028;0.125
FR0013482841;FR;LVMH Moët Henn. L. Vuitton SE;11/02/2031;0.375
XS2107315470;IT;ENI S.p.A.;23/01/2030;0.625
XS2113700921;IT;ACEA S.p.A.;06/04/2029;0.5
XS2115092954;BE;Whirlpool Finance Luxembourg S.a.r.l.;20/02/2028;0.5
XS2118273601;DE;Siemens Financieringsmaatschappij N.V.;20/02/2032;0.5
XS2118276026;DE;Siemens Financieringsmaatschappij N.V.;20/02/2029;0.25
XS2118276539;DE;Siemens Financieringsmaatschappij N.V.;20/02/2023;0
XS2118280218;DE;Siemens Financieringsmaatschappij N.V.;20/02/2026;0
FR0013424876;FR;Vivendi S.A.;11/12/2028;1.125
XS2010032378;BE;ASML Holding N.V.;25/02/2030;0.25
FR0013430741;FR;Klepierre;01/07/2030;0.625
XS2010032535;BE;Schlumberger Finance B.V.;15/10/2031;0.5
XS2010032709;BE;Schlumberger Finance B.V.;15/10/2027;0.25
XS2010331101;BE;John Deere Cash Management SA;13/06/2039;1.65
XS2126056204;BE;Paccar Financial Europe B.V.;03/03/2023;0
XS2126161681;BE;RELX Finance B.V.;18/03/2024;0
XS2126161764;BE;RELX Finance B.V.;10/03/2028;0.5
XS2126162069;BE;RELX Finance B.V.;10/03/2032;0.875
XS0162513211;DE;innogy Finance II B.V.;14/02/2033;5.75
XS1948612905;DE;BMW Finance N.V.;06/10/2023;0.625
XS2049616894;DE;Siemens Financieringsmaatschappij N.V.;05/09/2034;0.5
XS2020580945;ES;International Consolidated Airlines Group;04/07/2023;0.5
FR0013424850;FR;Vivendi S.A.;13/06/2022;0
FR0013494168;FR;Schneider Electric SE;11/03/2029;0.25
FR0013422623;FR;Eutelsat S.A.;13/07/2027;2.25
FR0013456431;FR;Pernod-Ricard S.A.;24/10/2027;0.5
XS1962571011;FR;Compagnie de Saint-Gobain S.A.;15/03/2031;1.875
XS2147133495;BE;Unilever NV;25/03/2025;1.25
XS2147133578;BE;Unilever NV;25/03/2030;1.75
DE000A2R8NC5;DE;Vonovia Finance B.V.;06/04/2023;0.125
DE000A2R8ND3;DE;Vonovia Finance B.V.;07/10/2027;0.625
DE000A2YNZV0;DE;Daimler AG;08/02/2024;0
XS2051667181;DE;Continental AG;12/09/2023;0
FR0013453040;FR;Alstom S.A.;14/10/2026;0.25
XS2065946837;IT;ENI S.p.A.;11/10/2034;1
BE6320934266;BE;Anheuser-Busch InBev N.V./S.A.;02/12/2027;2.125
BE6320935271;BE;Anheuser-Busch InBev N.V./S.A.;02/04/2032;2.875
BE6320936287;BE;Anheuser-Busch InBev N.V./S.A.;02/04/2040;3.7
XS2147977479;BE;Heineken N.V.;30/03/2025;1.625
XS2147977636;BE;Heineken N.V.;30/03/2030;2.25
XS2148372696;BE;Nestlé Finance Intl Ltd.;01/04/2026;1.125
XS2148390755;BE;Nestlé Finance Intl Ltd.;01/04/2030;1.5
XS2149368529;BE;Koninklijke Philips N.V.;30/03/2025;1.375
XS2149379211;BE;Koninklijke Philips N.V.;30/03/2030;2
XS2150006133;BE;John Deere Cash Management SA;02/04/2024;1.375
XS2150006307;BE;John Deere Cash Management SA;02/04/2028;1.85
XS2150006562;BE;John Deere Cash Management SA;02/04/2032;2.2
XS2150015555;BE;Koninklijke Ahold Delhaize N.V.;02/04/2027;1.75
XS2023644201;DE;Merck Financial Services GmbH;05/07/2027;0.375
XS2024716099;DE;Deutsche Telekom AG, Bonn;05/07/2034;1.375
XS2149280948;DE;Bertelsmann SE  KGaA;01/04/2028;2
XS2117485677;ES;CEPSA Finance, S.Aflds;12/02/2028;0.75
XS2151059206;FI;Mondi Finance;01/04/2028;2.375
FR0013505104;FR;Sanofi S.A.;01/04/2025;1
FR0013505112;FR;Sanofi S.A.;01/04/2030;1.5
FR0013505260;FR;Carrefour SA;15/12/2027;2.625
FR0013505559;FR;Air Liquide Finance;02/04/2025;1
FR0013505567;FR;Air Liquide Finance;02/04/2030;1.375
XS2150053721;FR;Compagnie de Saint-Gobain S.A.;03/04/2023;1.75
XS2150054372;FR;Compagnie de Saint-Gobain S.A.;04/10/2027;2.375
XS2153593103;BE;B.A.T Netherlands Finance BV;07/10/2024;2.375
XS2153597518;BE;B.A.T Netherlands Finance BV;07/04/2028;3.125
XS2154325562;BE;Grand City Properties S.A.;09/04/2024;1.7
XS2154336338;BE;HeidelbergCement Fin.Lux. S.A.;09/10/2024;2.5
XS2154418144;BE;Shell International Finance BV;07/04/2024;1.125
XS2154418730;BE;Shell International Finance BV;07/04/2028;1.5
XS2154419118;BE;Shell International Finance BV;07/04/2032;1.875
XS2156244043;BE;Holcim Finance (Luxembg) S.A.;09/04/2025;2.375
DE000A289RN6;DE;Daimler AG;07/04/2025;2.625
DE000A28VQC4;DE;Vonovia Finance B.V.;07/04/2024;1.625
DE000A28VQD2;DE;Vonovia Finance B.V.;07/04/2030;2.25
DE000A2RWZZ6;DE;Vonovia Finance B.V.;29/06/2025;1.8
XS2152329053;DE;Fresenius SE & Co. KGaA;08/10/2027;1.625
XS2049419398;FI;Teollisuuden Voima Oyj;09/03/2026;1.125
XS2099128055;FI;CA Immobilien Anlagen AG;05/02/2027;0.875
XS2153410977;FI;SATO Oyj;07/04/2023;2.25
FR0012199156;FR;Wendel S.A.;02/10/2024;2.75
FR0013504677;FR;Engie S.A.;27/03/2028;1.75
FR0013506292;FR;Orange S.A.;07/07/2027;1.25
FR0013506300;FR;Orange S.A.;07/04/2032;1.625
FR0013506508;FR;LVMH Moët Henn. L. Vuitton SE;07/04/2025;0.75
FR0013506524;FR;Pernod-Ricard S.A.;07/04/2025;1.125
FR0013506532;FR;Pernod-Ricard S.A.;08/04/2030;1.75
FR0013506813;FR;Unibail-Rodamco SE;09/04/2025;2.125
FR0013506821;FR;Unibail-Rodamco SE;09/04/2030;2.625
FR0013506862;FR;Schneider Electric SE;09/04/2027;1
FR0013507449;FR;Sanofi S.A.;01/04/2025;1
FR0013507456;FR;Sanofi S.A.;01/04/2030;1.5
XS2153406868;FR;Total Capital International S.A.;08/04/2027;1.491
XS2153409029;FR;Total Capital International S.A.;08/04/2032;1.994
DE000A28V301;BE;Henkel AG  KGaA;17/04/2027;2.5
DE000A28V319;BE;JAB Holdings B.V.;17/04/2035;3.375
PTEDPNOM0015;BE;EDP - Energias de Portugal SA;15/04/2027;1.625
XS2152795709;BE;Airbus Group Finance B.V.;07/04/2025;1.625
XS2152796426;BE;Airbus Group Finance B.V.;07/04/2032;2.375
XS2153459123;BE;Royal Schiphol Group N.V.;06/04/2029;2
XS2156598281;BE;Akzo Nobel N.V.;14/04/2030;1.625
XS2153405118;ES;Iberdrola Finanzas S.A.U.;16/06/2025;0.875
XS2154441120;ES;Red Electrica Corporacion SA;14/04/2025;0.875
XS2156506854;ES;Naturgy Finance B.V.;15/01/2026;1.25
XS2156581394;ES;Repsol Intl Finance B.V.;15/12/2025;2
XS2156583259;ES;Repsol Intl Finance B.V.;15/04/2030;2.625
FR0013394681;FR;Veolia Environnement S.A.;14/01/2024;0.892
FR0013505542;FR;Suez S.A.;02/04/2027;1.25
FR0013507654;FR;Bouygues S.A.;24/07/2028;1.125
FR0013507704;FR;Veolia Environnement S.A.;15/04/2028;1.25
BE6321076711;BE;Lonza Finance International NV;21/04/2027;1.625
XS2126169742;BE;Givaudan Finance Europe B.V;22/04/2027;1
XS2126170161;BE;Givaudan Finance Europe B.V;22/04/2032;1.625
XS2152796269;BE;Airbus SE;07/04/2028;2
XS0553728709;DE;Deutsche Telekom Intl Fin.B.V.;28/10/2030;4.5
XS2010445026;DE;BMW Finance N.V.;13/07/2022;0.125
XS2117462627;DE;Deutsche Bahn Finance Gmbh;14/02/2024;0
FR0013504693;FR;Engie S.A.;30/03/2032;2.125
FR0013507647;FR;SNCF Mobilités;17/04/2030;0.625
DE000A289NE4;DE;Deutsche Wohnen AG;30/04/2025;1
DE000A289NF1;DE;Deutsche Wohnen AG;30/04/2030;1.5
DE000A2LQRS3;DE;Deutsche Telekom AG, Bonn;29/03/2039;2.25
XS2023643146;DE;Merck Financial Services GmbH;15/12/2023;0.005
XS2152932542;DE;Deutsche Bahn Finance Gmbh;09/04/2027;0.5
FR0013510179;FR;Auchan Holding SA;29/01/2026;2.875
FR0013511151;FR;Pernod-Ricard S.A.;07/04/2025;1.125
FR0013511169;FR;Pernod-Ricard S.A.;08/04/2030;1.75
BE6321529396;BE;Elia Transmission Belgium;28/04/2030;0.875
XS2018637327;BE;HeidelbergCement Fin.Lux. S.A.;01/12/2027;1.125
XS2166219720;BE;ASML Holding N.V.;07/05/2029;0.625
XS2166754957;BE;Schlumberger Finance B.V.;28/10/2026;1.375
XS2166755509;BE;Schlumberger Finance B.V.;06/05/2032;2
XS2168629967;BE;Heineken N.V.;07/05/2033;1.25
XS2168630205;BE;Heineken N.V.;07/05/2040;1.75
XS2169281487;BE;CRH SMW Finance DAC;05/05/2030;1.625
XS2156607702;DE;EnBW International Finance BV;17/04/2025;0.625
XS2168307333;DE;Amphenol Technologies Holding GmbH;04/05/2026;0.75
XS2055652056;ES;Abertis Infraestructuras SA;26/03/2032;1.875
XS2168478068;FI;CRH SMW Finance DAC;05/11/2026;1.25
XS2169281131;FI;CRH Finland Services OYJ;05/11/2023;0.875
FR0013504644;FR;Engie S.A.;27/03/2025;1.375
FR0013510823;FR;Holding d Infrastructures de Transport S.A.S;04/05/2027;2.5
XS2128498636;BE;Signify NV;11/05/2024;2
XS2128499105;BE;Signify NV;11/05/2027;2.375
XS2169243479;BE;Swisscom Finance BV;14/11/2028;0.375
XS2170362326;BE;Nestlé Finance Intl Ltd.;12/11/2024;0
XS2170362672;BE;Nestlé Finance Intl Ltd.;12/11/2027;0.125
XS2170362912;BE;Nestlé Finance Intl Ltd.;12/05/2032;0.375
XS2170384130;BE;Shell International Finance BV;11/05/2024;0.5
XS2170386853;BE;Shell International Finance BV;11/11/2032;1.25
XS2171875839;BE;CPI Property Group SA;12/05/2026;2.75
XS2176558620;DE;Bertelsmann SE  KGaA;15/05/2030;1.5
ES0205032032;ES;Ferrovial Emisiones, S.A.;14/05/2026;1.382
XS2089229806;ES;Merlin Properties SOCIMI S.A.;04/12/2034;1.875
XS2171759256;FI;Nokia Oyj, Espoo;15/05/2025;2.375
XS2171872570;FI;Nokia Oyj, Espoo;15/05/2028;3.125
FR0013512233;FR;Klepierre;12/05/2029;2
FR0013512381;FR;Kering S.A.;13/05/2023;0.25
FR0013512407;FR;Kering S.A.;13/05/2028;0.75
BE6321718346;BE;ENI Finance International S.A.;05/05/2025;1.275
XS2177013252;BE;Reckitt Benckiser Treasury Services BV;19/05/2026;0.375
XS2177013765;BE;Reckitt Benckiser Treasury Services BV;19/05/2030;0.75
DE000A289XG8;DE;Daimler AG;22/05/2030;2.375
DE000A289XH6;DE;Daimler AG;22/08/2023;1.625
DE000A289XJ2;DE;Daimler AG;22/08/2026;2
XS2156768546;DE;Deutsche Bahn Finance Gmbh;16/04/2040;1.375
XS2176534795;DE;Würth Finance International BV;22/11/2027;0.75
XS2177021271;DE;Linde Finance B.V.;19/05/2027;0.25
XS2177021602;DE;Linde Finance B.V.;19/05/2032;0.55
XS2177122541;DE;Deutsche Post AG;20/05/2026;0.375
XS2177122624;DE;Deutsche Post AG;20/05/2029;0.75
XS2177122897;DE;Deutsche Post AG;20/05/2032;1
XS2177441990;ES;Telefonica Emisiones S.A.U.;21/08/2027;1.201
XS2177442295;ES;Telefonica Emisiones S.A.U.;21/05/2032;1.807
XS2177552390;ES;Amadeus IT Group SA, Madrid;20/05/2024;2.5
XS2177555062;ES;Amadeus IT Group SA, Madrid;20/05/2027;2.875
FR0013396520;FR;Orange S.A.;15/01/2029;2
FR0013512621;FR;Compagnie Fin. Ind. Autoroutes;19/05/2031;1
FR0013513538;FR;Legrand S.A.;20/05/2030;0.75
XS2176562812;FR;WPP Finance S.A.;19/05/2027;2.375
XS2176569312;FR;Total Capital International S.A.;18/05/2040;1.618
XS2176605306;FR;Total Capital International S.A.;18/05/2031;0.952
XS2170736180;BE;Richemont Intl Holding S.A.;26/05/2028;0.75
XS2170736263;BE;Richemont Intl Holding S.A.;26/05/2032;1.125
XS2175967343;BE;Achmea B.V.;26/05/2027;1.5
XS2178457425;BE;Richemont Intl Holding S.A.;26/05/2040;1.625
XS2178585423;DE;Conti-Gummi Finance B.V., Amsterdam;27/11/2023;2.125
XS2178586157;DE;Continental AG;27/08/2026;2.5
XS2178769076;DE;Fresenius Medical Care AG and Co. KGaA, Bad Homburg;29/05/2026;1
XS2178769159;DE;Fresenius Medical Care AG and Co. KGaA, Bad Homburg;29/05/2030;1.5
XS2178957077;ES;Redexis Gas Finance B.V.;28/05/2025;1.875
XS2177349912;FI;Ignitis Grupe UAB;21/05/2030;2
XS2179959817;FI;Kojamo Oyj;27/05/2027;1.875
XS2176783319;IT;ENI S.p.A.;18/05/2026;1.25
XS2176785447;IT;ENI S.p.A.;18/05/2031;2
XS2182049291;DE;Siemens Financieringsmaatschappij N.V.;05/06/2022;0.125
XS2182054887;DE;Siemens Financieringsmaatschappij N.V.;05/06/2026;0.375
XS2182055181;DE;Siemens Financieringsmaatschappij N.V.;05/06/2024;0.25
XS1265778933;ES;Cellnex Telecom S.A.;27/07/2022;3.125
FR0013444684;FR;Orange S.A.;04/09/2032;0.5
FR0013512449;FR;Suez S.A.;14/05/2035;1.25
FR0013516051;FR;EssilorLuxottica S.A.;05/01/2024;0.25
FR0013516069;FR;EssilorLuxottica S.A.;05/01/2026;0.375
FR0013516077;FR;EssilorLuxottica S.A.;05/06/2028;0.5
XS2168799539;BE;Citycon Treasury B.V.;01/10/2024;2.5
XS2177443343;BE;Mohawk Capital Finance S.A.;12/06/2027;1.75
XS2185867830;BE;Airbus SE;09/06/2026;1.375
XS2185867913;BE;Airbus SE;09/06/2030;1.625
XS2185868051;BE;Airbus SE;09/06/2040;2.375
XS2188805688;DE;Covestro AG;03/02/2026;0.875
XS2188805845;DE;Covestro AG;12/06/2030;1.375
FR0013517711;FR;Schneider Electric SE;12/06/2023;0
XS2187525949;BE;Alliander N.V.;10/06/2030;0.375
XS2189592889;BE;SIG Combibloc;18/06/2023;1.875
XS2189594315;BE;SIG Combibloc;18/06/2025;2.125
XS2189592616;ES;ACS, Act.de Constr.y Serv. SA;17/06/2025;1.375
FR0013517059;FR;Veolia Environnement S.A.;15/01/2032;0.8
FR0013517190;FR;Engie S.A.;11/06/2027;0.375
FR0013518297;FR;Klepierre;13/12/2032;1.625
FR0013518537;FR;Edenred S.A.;18/06/2029;1.375
XS2191362859;BE;Digital Dutch Finco BV;01/02/2031;1.25
XS2193968992;BE;Upjohn Finance BV;23/06/2022;0.816
XS2193969370;BE;Upjohn Finance BV;23/06/2024;1.023
XS2193978363;BE;Koninklijke DSM NV;23/06/2028;0.25
XS2193979254;BE;Koninklijke DSM NV;23/06/2032;0.625
XS2193982803;BE;Upjohn Finance BV;23/06/2027;1.362
XS2193983108;BE;Upjohn Finance BV;23/06/2032;1.908
XS2191013171;DE;alstria office REIT-AG;23/06/2026;1.5
XS2193657561;DE;Conti-Gummi Finance B.V., Amsterdam;25/09/2024;1.125
XS2194192527;DE;Infineon Technologies AG;24/06/2032;2
XS2194282948;DE;Infineon Technologies AG;24/06/2023;0.75
XS2194283672;DE;Infineon Technologies AG;24/06/2026;1.125
XS2194283839;DE;Infineon Technologies AG;24/06/2029;1.625
XS2193654386;ES;Cellnex Telecom S.A.;18/04/2025;2.875
XS2193658619;ES;Cellnex Telecom S.A.;26/06/2029;1.875
FR0013519279;FR;Covivio S.A.;23/06/2030;1.625
XS2190256706;IT;Snam S.p.A.;17/06/2030;0.75
XS2190255211;BE;ENEXIS Holding NV;17/06/2032;0.625
XS2190979489;BE;Eustream AS;25/06/2027;1.625
XS2196308758;BE;Euronext N.V.;12/06/2029;1.125
XS2198580271;BE;Wolters Kluwer N.V.;03/07/2030;0.75
XS2197673747;DE;MTU Aero Engines AG;01/07/2025;3
XS2195092601;ES;Abertis Infraestructuras SA;29/03/2029;2.25
FR0013521267;FR;Unibail-Rodamco SE;29/06/2032;2
FR0013521549;FR;Worldline S.A., Bezons;30/06/2023;0.5
FR0013521564;FR;Worldline S.A., Bezons;30/06/2027;0.875
XS2192431380;IT;Italgas S.P.A.;24/06/2025;0.25
XS2178832379;BE;Fiat Chrysler Automobiles N.V.;07/07/2023;3.375
XS2178833773;BE;Fiat Chrysler Automobiles N.V.;05/01/2026;3.875
XS2199343513;BE;ISS Finance N.B.;07/07/2025;1.25
XS2199351375;BE;Fiat Chrysler Automobiles N.V.;07/07/2028;4.5
XS2199265617;DE;Bayer AG;06/07/2024;0.375
XS2199266003;DE;Bayer AG;06/01/2027;0.75
XS2199266268;DE;Bayer AG;06/01/2030;1.125
XS2199266698;DE;Bayer AG;06/07/2032;1.375
XS2199604096;FI;UNIQA Insurance Group AG;09/07/2030;1.375
FR0013522091;FR;Mercialys;07/07/2027;4.625
XS2197356186;IT;Iren S.p.A.;01/07/2030;1
XS2200215213;IT;Infrastrutture Wireless Italiane S.p.A;08/07/2026;1.875
XS2053052895;BE;EDP Finance B.V.;16/09/2026;0.375
XS2193733503;BE;Czech Gas Networks Investments S.a.r.l.;16/07/2027;1
XS2203802462;BE;NE Property B.V.;14/07/2027;3.375
DE000A28ZQP7;DE;Vonovia Finance B.V.;09/07/2026;0.625
DE000A28ZQQ5;DE;Vonovia Finance B.V.;09/07/2030;1
XS2197675288;ES;Telefonica Emisiones S.A.U.;13/07/2040;1.864
XS2201946634;ES;Merlin Properties SOCIMI S.A.;13/07/2027;2.375
XS2202744384;ES;CEPSA Finance, S.Aflds;13/02/2026;2.25
FR0013524865;FR;Auchan Holding SA;23/07/2027;3.25
XS2209023402;IT;Terna Rete Elettrica Nazio.SpA;24/07/2032;0.75
BE6286963051;BE;Barry Callebaut Services N.V;24/05/2024;2.375
XS2171713006;DE;Eurogrid GmbH;15/05/2032;1.113
FR0013384872;FR;Unibail-Rodamco SE;05/12/2033;2
DE000A2YNZY4;DE;Daimler AG;08/08/2034;1.125
XS1651444140;BE;Eurofins Scientific SE;25/07/2024;2.125
XS2225207468;BE;Heimstaden Bostad Treasury B.V.;03/03/2027;1.375
FR0012602779;FR;Engie S.A.;13/03/2035;1.5
XS2227050023;BE;Royal Schiphol Group N.V.;08/09/2027;0.375
XS2227050379;BE;Royal Schiphol Group N.V.;08/09/2032;0.875
DE000A289QR9;DE;Daimler AG;10/09/2030;0.75
XS2224621347;DE;adidas AG;09/09/2024;0
XS2224621420;DE;adidas AG;10/09/2035;0.625
XS2228892860;FI;Glencore Capital Finance DAC;10/03/2028;1.125
XS2229434852;IT;ERG S.p.A;11/09/2027;0.5
XS1174211471;BE;Eurofins Scientific SE;27/01/2022;2.25
XS2228897158;BE;Akelius Residential Property Finance B.V.;17/01/2028;1
XS2229470146;BE;Koninklijke KPN NV;14/12/2032;0.875
XS2231165668;BE;Bevco Lux SARL;16/09/2027;1.5
XS2228260043;FI;Ryanair DAC;15/09/2025;2.875
XS2230266301;FI;Elisa Oyj;15/09/2027;0.25
FR0013534484;FR;Orange S.A.;16/09/2029;0.125
XS2231183646;FR;Holding d Infrastructures de Transport S.A.S;18/09/2029;1.625
XS2232115001;BE;Digital Dutch Finco BV;23/09/2022;FLOATING
XS2232115423;BE;Digital Dutch Finco BV;15/01/2032;1
XS2235986929;BE;Mondelez Intl Hldgs Nether. BV;22/09/2026;0
XS2235987224;BE;Mondelez Intl Hldgs Nether. BV;22/09/2029;0.375
XS2237302646;BE;STG Global Finance BV;24/09/2025;1.375
XS2232027727;DE;Kion Group AG;24/09/2025;1.625
XS2234567233;DE;Volkswagen Intl Finance N.V.;22/09/2028;0.875
XS2234567662;DE;Volkswagen Intl Finance N.V.;23/09/2032;1.25
XS2236363573;ES;Amadeus IT Group SA, Madrid;24/09/2028;1.875
XS2233121792;FI;SATO Oyj;24/02/2028;1.375
XS2240063730;BE;Diageo Capital BV;28/09/2028;0.125
XS2237434472;DE;Fresenius SE & Co. KGaA;28/09/2026;0.375
XS2237447961;DE;Fresenius SE & Co. KGaA;28/01/2033;1.125
XS2237901355;IT;Terna Rete Elettrica Nazio.SpA;25/09/2030;0.375
XS2241825111;BE;Global Switch Finance B.V.;07/10/2030;1.375
XS2240505268;DE;adidas AG;05/10/2028;0
XS2241090088;ES;Repsol Intl Finance B.V.;05/10/2024;0.125
FR0011912575;FR;Suez S.A.;21/05/2029;2
XS0513509959;BE;TenneT Holding BV;03/06/2030;4.75
DE000A289Q91;DE;Schaeffler AG;12/10/2025;2.75
DE000A2TSDE2;DE;Deutsche Telekom AG, Bonn;25/03/2031;1.75
DE000A3H2TA0;DE;Schaeffler AG;12/10/2028;3.375
XS1955187932;DE;Siemens Financieringsmaatschappij N.V.;28/02/2039;1.75
ES0239140017;ES;Inmobiliaria Colonial, Socimi SA;14/10/2028;1.35
XS2239813301;ES;El Corte Ingle S.A.;15/03/2024;3.625
XS2243564478;FI;Immofinanz AG;15/10/2027;2.5
FR00140005C6;FR;Eutelsat S.A.;13/10/2028;1.5
XS2247549731;ES;Cellnex Telecom S.A.;23/10/2030;1.75
XS2244936659;IT;Infrastrutture Wireless Italiane S.p.A;21/10/2028;1.625
XS2248827771;FI;CA Immobilien Anlagen AG;27/10/2025;1
FR0013396512;FR;Orange S.A.;15/07/2024;1.125
XS1962554785;FR;Compagnie de Saint-Gobain S.A.;15/03/2024;0.625
XS2251626896;ES;Enagás Financiaciones S.A.U.;05/11/2032;0.375
FR0014000C08;FR;Société Nationale SNCF SA;28/02/2051;0.875
FR0014000D31;FR;Compagnie Generale des Etablissements Michelin, Clermont-Ferrand;02/11/2028;0
FR0014000D49;FR;Compagnie Generale des Etablissements Michelin, Clermont-Ferrand;02/11/2032;0.25
FR0014000D56;FR;Compagnie Generale des Etablissements Michelin, Clermont-Ferrand;02/11/2040;0.625
XS2250376477;IT;A2A S.p.A.;28/10/2032;0.625
XS2238342484;BE;Inmobiliaria Colonial, Socimi SA;01/10/2025;2.125
XS2251233651;BE;Akelius Residential Property Finance B.V.;11/01/2029;1.125
ES0205032040;ES;Ferrovial Emisiones, S.A.;12/11/2028;0.54
XS2244415175;FI;DAA Finance PLC;05/11/2032;1.601
XS2257961818;FI;UPM-Kymmene OYJ;19/11/2028;0.125
FR0014000KT3;FR;Klepierre;17/02/2031;0.875
BE0002280494;BE;Groupe Bruxelles Lambert SA;23/05/2024;1.375
BE0002595735;BE;Groupe Bruxelles Lambert SA;19/06/2025;1.875
XS2264692737;FI;Metso Outotec;26/05/2028;0.875
FR0014000S75;FR;Teleperformance SE;26/11/2027;0.25
BE0002755362;BE;Fluvius System Operator CVBA;02/12/2030;0.25
ES0305523005;BE;SIX Finance (Luxembourg) S.A.;02/12/2025;0
XS2262065159;BE;TenneT Holding BV;30/11/2032;0.125
XS2262065233;BE;TenneT Holding BV;30/11/2040;0.5
XS2263684180;BE;Nestlé Finance Intl Ltd.;03/12/2025;0.00001
XS2263684776;BE;Nestlé Finance Intl Ltd.;03/03/2033;0
XS2263684933;BE;Nestlé Finance Intl Ltd.;03/12/2040;0.375
XS2264194205;BE;Inmobiliaria Colonial, Socimi SA;27/11/2023;0.625
XS2264980363;BE;CNH Industrial Finance Euro.SA;01/04/2024;0
XS2270147924;BE;BP Capital Markets BV;04/12/2040;0.933
XS2242728041;DE;EnBW International Finance BV;19/10/2030;0.25
XS2265360359;FI;Stora Enso Oyj;02/12/2030;0.625
FR0014000UC8;FR;Unibail-Rodamco SE;04/05/2027;0.625
FR0014000UD6;FR;Unibail-Rodamco SE;04/12/2031;1.375
XS2193666042;DE;Deutsche Bahn Finance Gmbh;23/06/2029;0.375
XS2265990452;IT;Hera S.p.A.;03/12/2030;0.25
XS1268496640;BE;Eurofins Scientific SE;30/01/2023;3.375
XS2167595672;BE;Eurofins Scientific SE;17/07/2026;3.75
XS2273810510;BE;Aroundtown SA;16/07/2026;0
XS2268340010;IT;Snam S.p.A.;07/12/2028;0
XS2270150399;DE;Volkswagen Intl Finance N.V.;10/06/2024;0.05
XS2270397016;IT;Poste Italiane S.p.A.;10/12/2028;0.5
XS2275029085;IT;Iren S.p.A.;17/01/2031;0.25
XS2280835260;BE;Digital Intrepid Holding BV;15/07/2031;0.625
XS2282101539;BE;Grand City Properties S.A.;11/01/2028;0.125
XS2284258345;BE;Heimstaden Bostad Treasury B.V.;12/01/2023;FLOATING
XS2280845145;DE;BMW Finance N.V.;11/01/2033;0.2
XS2280845491;DE;BMW Finance N.V.;11/01/2026;0
XS2281342878;DE;Bayer AG;12/01/2025;0.05
XS2281343256;DE;Bayer AG;12/01/2029;0.375
XS2281343413;DE;Bayer AG;12/07/2031;0.625
XS2281343686;DE;Bayer AG;12/01/2036;1
FR0014001EW8;FR;Alstom S.A.;11/01/2029;0
FR0014001I50;FR;Veolia Environnement S.A.;14/01/2027;0
XS2286044370;BE;ABB Finance B.V.;19/01/2030;0
XS2286441964;BE;Holcim Finance (Luxembg) S.A.;19/07/2027;0.125
XS2286442186;BE;Holcim Finance (Luxembg) S.A.;19/01/2033;0.625
XS2288097483;BE;Wizz Air Finance Company B.V.;19/01/2024;1.35
XS2193666125;DE;Deutsche Bahn Finance Gmbh;23/06/2039;0.875
XS2289797248;ES;Nortegas Energia Distribution;22/01/2031;0.905
FR0013456449;FR;Pernod-Ricard S.A.;24/10/2031;0.875
XS2270395408;IT;Poste Italiane S.p.A.;10/12/2024;0
BE0002767482;BE;Groupe Bruxelles Lambert SA;28/01/2031;0.125
XS2290544068;BE;CPI Property Group SA;27/01/2031;1.5
DE000A287179;DE;Vonovia Finance B.V.;28/01/2041;1
XS2166619663;FR;Firmenich Productions Participations S.A.S;30/10/2026;1.375
XS2292547317;IT;2i Rete Gas S.p.A.;29/01/2031;0.579
XS2293906199;FI;SBB Treasury Oyj;01/02/2023;FLOATING
XS2292486771;IT;ACEA S.p.A.;28/09/2025;0
XS2292487076;IT;ACEA S.p.A.;28/07/2030;0.25
XS1084874533;DE;Robert Bosch GmbH;11/07/2039;2.95
XS2297537461;ES;Amadeus IT Group SA, Madrid;09/02/2023;FLOATING
XS2281473111;FI;Hemso Treasury Oyj;19/01/2028;0
XS2199716304;IT;Leonardo S.p.A.;08/01/2026;2.375
XS2297190097;BE;Tyco Electronics Group S.A.;16/02/2029;0
XS2300292617;ES;Cellnex Finance Company S.A.U., Madrid  ;15/11/2026;0.75
XS2300292963;ES;Cellnex Finance Company S.A.U., Madrid  ;15/01/2029;1.25
XS2300293003;ES;Cellnex Finance Company S.A.U., Madrid  ;15/02/2033;2
XS2300208928;IT;Snam S.p.A.;15/08/2025;0
XS2301127119;BE;Akelius Residential Property Finance B.V.;22/02/2030;0.75
XS2303070911;BE;H&M Finance B.V. ;25/08/2029;0.25
DE000A3H2457;DE;Deutsche Börse AG;22/02/2026;0
DE000A3H2465;DE;Deutsche Börse AG;22/02/2031;0.125
XS2299001888;IT;Italgas S.P.A.;16/02/2028;0
XS2299002423;IT;Italgas S.P.A.;16/02/2033;0.5
BE0002256254;BE;Enodia SCRL;22/07/2026;1
FR0013245586;BE;Stellantis N.V, Amsterdam;23/03/2024;2
XS2306601746;BE;EasyJet FinCo BV;03/03/2028;1.875
XS2307573993;BE;Paccar Financial Europe B.V.;01/03/2026;0
XS2308616841;BE;DSV Panalpina Finance B.V.;03/03/2031;0.5
XS2307764238;FI;Glencore Capital Finance DAC;01/03/2029;0.75
XS2307764311;FI;Glencore Capital Finance DAC;01/03/2033;1.25
FR0013447166;FR;Stellantis N.V, Amsterdam;18/09/2029;1.125
FR0013512944;FR;Stellantis N.V, Amsterdam;15/05/2026;2.75
XS2166619820;FR;Firmenich Productions Participations S.A.S;30/04/2030;1.75
XS2306082293;BE;WPC Eurobond B.V.;01/06/2030;0.95
XS2310411090;BE;Citycon Treasury B.V.;12/03/2028;1.625
DE000A3H3JM4;DE;Daimler AG;11/03/2033;0.75
XS2310747915;FI;Eaton Capital Unlimited Co.;08/03/2026;0.128
XS2310748483;FI;Eaton Capital Unlimited Co.;08/03/2030;0.577
FR0014002C30;FR;Suez S.A.;09/06/2026;0
XS2066706735;IT;ENEL Finance Intl N.V.;17/10/2034;1.125
XS2066706818;IT;ENEL Finance Intl N.V.;17/06/2024;0
XS2066706909;IT;ENEL Finance Intl N.V.;17/06/2027;0.375
XS2310797696;BE;Simon International Finance;19/03/2033;1.125
XS2317288301;BE;Koninklijke Ahold Delhaize N.V.;18/03/2030;0.375
XS2320459063;BE;Imperial Brands Finance Netherlands B.V.;18/03/2033;1.75
XS2289841087;DE;Volkswagen Intl Finance N.V.;21/01/2041;1.5
XS2306988564;DE;EnBW International Finance BV;01/03/2033;0.5
FR0014002G36;FR;Safran SA;17/03/2031;0.75
FR0014002G44;FR;Safran SA;16/03/2026;0.125
DE000A3KNP88;BE;TRATON Finance Luxemburg SA;24/03/2025;0.125
DE000A3KNP96;BE;TRATON Finance Luxemburg SA;24/03/2029;0.75
DE000A3KNQA0;BE;TRATON Finance Luxemburg SA;24/03/2033;1.25
DE000A3E5FR9;DE;Vonovia SE;24/03/2031;0.625
AT0000A2QL75;FI;Vienna Insurance Group AG;26/03/2036;1
XS2320453884;FI;UPM-Kymmene OYJ;22/03/2031;0.5
XS2322438990;BE;Czech Gas Networks Investments S.a.r.l.;31/03/2031;0.875
XS2324836878;BE;Wolters Kluwer N.V.;30/03/2028;0.25
XS2325733413;BE;Stellantis N.V, Amsterdam;30/03/2027;0.625
DE000A3H3J14;DE;Vantage Towers AG;31/03/2025;0
DE000A3H3J22;DE;Vantage Towers AG;31/03/2027;0.375
DE000A3H3J30;DE;Vantage Towers AG;31/03/2030;0.75
DE000A3H3JU7;DE;LEG Immobilien AG;30/03/2033;0.875
XS2325562424;FI;Fresenius Finance Ireland PLC;01/10/2025;0
XS2325562697;FI;Fresenius Finance Ireland PLC;01/10/2031;0.875
XS2325565104;FI;Fresenius Finance Ireland PLC;01/10/2028;0.5
XS2327298217;BE;LSEG Netherlands BV;06/04/2025;0
XS2327299298;BE;LSEG Netherlands BV;06/04/2028;0.25
XS2327299884;BE;LSEG Netherlands BV;06/04/2033;0.75
XS2328418186;BE;Holcim Finance (Luxembg) S.A.;06/04/2030;0.625
DE000A3H25P4;DE;Deutsche Wohnen AG;07/04/2031;0.5
DE000A3H25Q2;DE;Deutsche Wohnen AG;07/04/2041;1.3
FR0013426731;FR;Regie Autonome des Transports Parisiens (RATP);20/06/2029;0.35
XS2324772453;IT;Ferrovie dello Stato Ital.SpA;25/03/2028;0.375
XS2261215011;BE;Holcim Finance (Luxembg) S.A.;23/04/2031;0.5
XS2332186001;BE;REN Finance B.V.;16/04/2029;0.5
XS2306986782;DE;EnBW International Finance BV;01/03/2028;0.125
FR0013447232;FR;Covivio S.A.;17/09/2031;1.125
XS2331315635;BE;ENEXIS Holding NV;14/04/2033;0.375
XS2332234413;BE;SGS Nederland Holding BV;21/04/2027;0.125
XS2332687040;IT;Infrastrutture Wireless Italiane S.p.A;19/04/2031;1.75
