Green Bond issuer;Country;Market Information Template;External Review Form;External Review Report;External links (NB: Please use the links for most up to date information);;
ABN AMRO (2015);Netherlands;;;oekom research;https://www.abnamro.com/en/investor-relations/debt-investors/unsecured-funding/euro-medium-term-notes-greenbonds.html#true;;
ABN AMRO (2016);Netherlands;;;oekom research;https://www.abnamro.com/en/investor-relations/debt-investors/unsecured-funding/euro-medium-term-notes-greenbonds.html#true;;
AC Energy Finance Supra-national;Philippines;;Appendix to Sustainalytics report;SUSTAINALYTICS;https://www.acenergy.com.ph/sustainability/;;
Acea S.p.A;Italy;;;ISS ESG;https://www.gruppo.acea.it/investitori;;
ACS SCE;Spain;April 2018;;VIGEO EIRIS;http://acsindustria.com/;;
Activia Properties Inc.;Japan;;Appendix to Sustainalytics report;SUSTAINALYTICS;https://www.activia-reit.co.jp/en/sustainability/greenbond.html;;
Adani Green Energy;India;;;KPMG;https://www.adanigreenenergy.com/investors/investor-downloads;;
ADIF - Alta Velocidad;Spain;June 2017;CICERO/ENSO;CICERO/ENSO;http://www.adifaltavelocidad.es/en_US/empresas_servicios/portal_del_inversor/informacion_medioambiental/informacion_medioambiental.shtml;;
Advance Residence Investment Corporation;Japan;;Japan Credit Rating Agency;Japan Credit Rating Agency;https://www.adr-reit.com/en/financial/bond/;;
Advanced SolTech Sweden AB;Sweden;;;CICERO;http://www.soltechenergy.com/en/green-bonds/;;
AEON Financial Service;Japan;;Japan Credit Rating Agency;;http://www.aeonfinancial.co.jp/eng/activity/index.html;;
Aeroporti di Roma S.p.A;Italy;;;DNV;https://www.adr.it/fr/web/aeroporti-di-roma-en-/green-financing-framework;;
Africa Finance Corporation;Nigeria;November 2020;;ISS ESG;https://www.africafc.org/sustainability/green-bond/;;
African Development Bank;Supra-national;September 2016;;CICERO;http://www.afdb.org/en/topics-and-sectors/initiatives-partnerships/green-bond-program/;;
Agder Energi ;Norway;;;CICERO;https://www.ae.no/finansiell-informasjon/;;
Agence Française de Développement (AFD) (2014);France;;;VIGEO EIRIS;https://www.afd.fr/fr/espace-investisseurs;;
Agence Française de Développement (AFD) (2017);France;;;CICERO;https://www.afd.fr/fr/espace-investisseurs;;
Agricultural Bank of China ltd.;China;September 2016;;Deloitte;http://www.abchina.com/en/investor-relations/greendbond/;;
Agricultural Development Bank of China;China;;;CICERO;http://www.adbc.com.cn/en/;;
Akademiska Hus;Sweden;;CICERO;CICERO;https://www.akademiskahus.se/en/about-us/financial-information/financing/green-financing/;;
Akershus Energi;Norway;;;CICERO;https://akershusenergi.no/finansiell-informasjon/;;
ALD Automotive;France;;;VIGEO EIRIS;https://www.aldautomotive.com/investors/information-and-publications/debt-investors;;
Alliander NV (2016);Netherlands;;;oekom research;https://www.alliander.com/en/investors/financing/green-bonds;;
Alliander NV (2019);Netherlands;;;ISS-oekom;https://www.alliander.com/en/investors/financing/green-bonds;;
Alliander NV (2020);Netherlands;;;ISS ESG;https://www.alliander.com/en/investors/financing/green-bonds;;
Alperia SpA;Italia;;;DNV;http://www.alperiagroup.eu/en/topmenu/investor-relations/emtn-document/emtn-document.html;;
Alpha Trains;Luxembourg;;Appendix to Sustainalytics report;SUSTAINALYTICS;https://www.alphatrains.eu/en/investors/index.php#top;;
American Municipal Power (Combined hydro projects);US;;Appendix to Sustainalytics report;SUSTAINALYTICS;https://www.ampinvestorrelations.com/combined-hydro-project/bonds/i4044;;
American Municipal Power (Meldahl hydro);US;;Appendix to Sustainalytics report;SUSTAINALYTICS;https://www.ampinvestorrelations.com/meldahl-hydro-project/bonds/i4059;;
ANA HOLDINGS INC.;Japan;;Appendix to Rating and Investment Information report;Rating and Investment Information;https://www.ana.co.jp/group/en/pr/201809/20180928.html;;
Analog Devices, Inc.;US;;Appendix to Sustainalytics report;SUSTAINALYTICS;https://investor.analog.com/financial-info/annual-reports;;
Anglian Water;UK;;;DNV;http://www.anglianwater.co.uk/about-us/investors/anglian-water-services/aws-green-bond-framework.aspx;;
Apple Inc. (2016);US;;Appendix to Sustainalytics report;SUSTAINALYTICS;http://investor.apple.com/financials.cfm;;
Apple Inc. (2019);US;;Appendix to Sustainalytics report;SUSTAINALYTICS;http://investor.apple.com/financials.cfm;;
Aquafin (2015);Belgium;;;CICERO;https://www.aquafin.be/en/green-finance;;
Aquafin (2020);Belgium;;Appendix to Sustainalytics report;SUSTAINALYTICS;https://www.aquafin.be/en/green-finance;;
Arab Republic of Egypt;Egypt;;;VIGEO EIRIS;http://www.mof.gov.eg/English/Pages/Green-Bond-Documentation.aspx;;
Arendals Fossekompani ASA;Norway;;;CICERO;https://arendalsfossekompani.no/en/investor-information/;;
ARKEMA;France;October 2020;VIGEO EIRIS;VIGEO EIRIS;https://www.arkema.com/global/en/investor-relations/regulated-information/;;
Arthaland Corporation;Philippines;;;VIGEO EIRIS;https://www.arthaland.com.ph/investor-relations/general-information;;
Arwidsro Fastighets;Sweden;;CICERO;CICERO;https://arwidsro.se/ir/gront-ramverk/;;
Asahi Holdings, Inc.;Japan;;Appendix to Rating and Investment Information report;Rating and Investment Information;https://www.asahiholdings.com/english/sustainability/;;
Asian Development Bank (ADB);Supra-national;;;CICERO;https://www.adb.org/site/investors/adb-green-bonds;;
Assicurazioni Generali ;Italy;;Appendix to Sustainalytics report;SUSTAINALYTICS;https://www.generali.com/investors/debt-ratings/green-bond-framework;;
Atlantica;UK;;Appendix to Sustainalytics report;SUSTAINALYTICS;https://www.atlantica.com/web/en/investors/green-financing/;;
Atrium Ljungberg;Sweden;;;CICERO;http://al.se/en/investor-relations/financing/green-bonds/;;
Auckland Council;New Zealand;;;E&Y;https://www.aucklandcouncil.govt.nz/about-auckland-council/business-in-auckland/Pages/investor-centre.aspx;;
Audax Renovables;Spain;April 2020;VIGEO EIRIS;VIGEO EIRIS;https://www.audaxrenovables.com/en/reports/;;
Australia and New Zealand Banking Group Limited (ANZ);Australia;;;E&Y;https://www.anz.com/debtinvestors/centre/green-sustainability-bonds/;;
Axpo Holding AG;Switzerland;;;ISS ESG;https://www.axpo.com/fr/en/about-us/investor-relations/green-bond.html;;
Banco Atlántida;Honduras;;Appendix to Sustainalytics report;SUSTAINALYTICS;https://www.bancatlan.hn/greenbondframework/;;
Banco Bilbao Vizcaya Argentaria S.A (BBVA);Spain;May 2018;;DNV;https://shareholdersandinvestors.bbva.com/wp-content/uploads/2018/04/BBVA-SDGs-Bond-Framework_23042018_Eng.pdf ;;
Banco Davivienda ;Colombia;September 2018;Ernst & Young Audit S.A.S. (EY) Colombia;;https://www.davivienda.com/wps/portal/personas/nuevo/sostenibilidad/en/Inicio/home/!ut/p/z1/nZJRT4MwEIB_iw97JFdaHOOR4YiZwUXJNugLKaWwmtGyUZn-e-vik2ZMvbfLfb3cfVegkAFVbJANM1Irtrd5TqcFmT15j8s5TtLUX6Dwbr5JUEzwKkKwPQPoQoQI6G_ejwB0vP0GKNCOywpyDyOMK8YczmvheJiXDmOEOZUvXMIDhoVbf9Jcmc7sID_xtlCvYtBFr3sjlCzlXlasmqDvuVTNXvQTtNOtsBPT0aUeyBXAu_0BxAFBYYLSKAxWLor9L2Bk79x68y97c2E7SHGCtdLH1t4x_aOmewTLa6ezf0O-HA40tEq1MuLNQPZPp7YVPiZR0tghmdk5UtUasnOpa9frdkamz4s6WRCPlu-nmw8imPtl/dz/d5/L2dBISEvZ0FBIS9nQSEh/;;
Banco de Bogotá S.A.;Colombia;October 2020;Ernst & Young;Ernst & Young;https://www.bancodebogota.com/wps/portal/banco-de-bogota/bogota/investor-relations/issuances/bonds;;
Banco de Comercio Exterior de Colombia S.A.;Colombia;;Appendix to Sustainalytics report;SUSTAINALYTICS;https://www.bancoldex.com/informacion-de-interes-para-accionistas-e-inversionistas/emisiones-2336;;
Banco Mercantil del Norte S.A. ;Mexico;;Appendix to Sustainalytics report;SUSTAINALYTICS;https://investors.banorte.com/en/sustainability/resources/policies-and-procedures;;
Banco Nacional de Desenvolvimento Economicô e Social (BNDES);Brazil;;Appendix to Sustainalytics report;SUSTAINALYTICS;https://www.bndes.gov.br/SiteBNDES/bndes/bndes_en/Institucional/Investor_Relations/global_bonds.html;;
Bancolombia (2016);Colombia;December 2016;Deloitte;;http://www.grupobancolombia.com/wps/portal/acerca-de/informacion-corporativa/sostenibilidad/bonos-verdes/;;
Bancolombia (2018);Colombia;October 2018;Deloitte;Deloitte;http://www.grupobancolombia.com/wps/portal/acerca-de/informacion-corporativa/sostenibilidad/bonos-verdes/;;
Bank of China (2017);China;August 2017;Ernst & Young Hua Ming LLP;;http://www.boc.cn/en/investor/ir10/;;
Bank of China (2018);China;May 2018;Ernst & Young Hua Ming LLP;;http://www.boc.cn/en/investor/ir10/;;
Bank of the Philippine Islands;Philippines;;Appendix to Sustainalytics report;SUSTAINALYTICS;https://www.bpiexpressonline.com/p/1/2253/bpi-green-finance-framework;;
Bankinter S.A.;Spain;January 2020;Appendix to Sustainalytics report;SUSTAINALYTICS;https://webcorporativa.bankinter.com/www2/corporativa/en/sostenibilidad/Green_Bond_Framework;;
Barclays PLC;UK;;;CARBON TRUST;https://www.home.barclays/barclays-investor-relations/treasury-and-capital/green-bonds.html;;
Baseload Capital ;Sweden;;Appendix to Sustainalytics report;SUSTAINALYTICS;https://www.baseloadcap.com/investors;;
BASF;Germany;;;ISS ESG;https://www.basf.com/global/en/investors/creditor-relations/basf-bonds/green-finance.html;;
BayWa;Germany;;;ISS-oekom;https://www.baywa.com/en/investor-relations/corporate-bonds.html;;
Bazalgette Finance plc (Tideway);UK;;;S&P Global Ratings;https://www.tideway.london/investors/#sub-nav;;
BBVA Bancomer ;Mexico;;Appendix to Sustainalytics report;SUSTAINALYTICS;https://www.bbva.com/en/bbva-publishes-sustainable-bond-issue-framework/;;
Beijing Capital Group;China;;Appendix to Sustainalytics report;SUSTAINALYTICS;https://www.bjcapital.com/en/content/details_117_2716.html;;
Berlin Hyp AG (2016);Germany;August 2016;;oekom research;http://www.green-pfandbrief.com/home;;
Berlin Hyp AG (2018);Germany;June 2018;;oekom research;http://www.green-pfandbrief.com/home;;
BKS Bank AG;Germany;;;rfu;https://www.bks.at/BKSWebp/BKS/bks_at/PRIVATKUNDEN/SparenundWertpapiere/Wertpapiere/Nachhaltige_Geldanlage/Green_Bond/index.jsp;;
BKW AG;Switzerland;;;ISS ESG;https://www.bkw.ch/en/about-us/investor-relations#c3586;;
Blackstone Property Partners Europe Holdings;Luxembourg;;Appendix to Sustainalytics report;SUSTAINALYTICS;https://bppeh.blackstone.com/documents/;;
Bloom Energy Corporation;US;;Appendix to Sustainalytics report;SUSTAINALYTICS;https://investor.bloomenergy.com/overview/default.aspx;;
BNP Paribas (2016);France;December 2016;E&Y;oekom research;https://invest.bnpparibas.com/en/investor-reports-external-reviews-green-bonds;;
BNP Paribas (2018);France;;;oekom research;https://invest.bnpparibas.com/en/investor-reports-external-reviews-green-bonds;;
BNP Paribas (2019);France;;;ISS ESG;https://invest.bnpparibas.com/en/investor-reports-external-reviews-green-bonds;;
BPCE;France;;;VIGEO EIRIS;http://www.groupebpce.fr/en/Investors/Funding/Green-bonds;;
Bpifrance;France;;;CICERO;https://www.bpifrance.fr/Investor-Relations;;
Brage Finans AS;Norway;;;CICERO;https://brage.no/investor/baerekraft/;;
Brookfield Renewable (2018);Canada;;Appendix to Sustainalytics report;SUSTAINALYTICS;https://bep.brookfield.com/debt-information;;
Brookfield Renewable (2019);Canada;;Appendix to Sustainalytics report;SUSTAINALYTICS;https://bep.brookfield.com/debt-information;;
Brookfield Renewable (2020);Canada;;Appendix to Sustainalytics report;SUSTAINALYTICS;https://bep.brookfield.com/debt-information;;
Caisse des Dépôts;France;;;VIGEO EIRIS;https://www.caissedesdepots.fr/en/green-social-and-sustainability-bonds;;
California Infrastructure and Economic Development Bank (CalSTRS);US;;;Kestrel Verifiers;https://www.ibank.ca.gov/bonds/projects-financed-by-ibank-issued-bonds/;;
CAMPO Co., Ltd. ;Japan;;;Rating and Investment Information;http://www.campo.co.jp/support/greenbond.html;;
Canada Pension Plan Investment Board;Canada;;CICERO;CICERO;http://www.cppib.com/en/our-performance/investor-relations/;;
Canadian Imperial Bank of Commerce;Canada;;Appendix to Sustainalytics report;SUSTAINALYTICS;https://www.cibc.com/en/about-cibc/investor-relations/debt-information/green-bond.html;;
Canadian Solar Infrastructure Fund, Inc.;Japan;;Japan Credit Rating Agency;Japan Credit Rating Agency;https://www.canadiansolarinfra.com/en/esg/greenbond.html;;
Canadian Solar Project;Japan;;Japan Credit Rating Agency;Japan Credit Rating Agency;https://canadiansolar-energy.co.jp/en/about/;;
Castellum AB;Sweden;;Appendix to Sustainalytics report;SUSTAINALYTICS;https://www.castellum.se/en/investor-relations/financing/green-bonds/;;
Ceetrus;France;;;VIGEO EIRIS;https://www.ceetrus.fr/en/countrywide-standard-page/financial-results-0;;
Center-invest Bank (2019);Russian Federation;;;Rating Agency Expert RA;https://www.centrinvest.ru/en/about/presentations;;
Center-invest Bank (2021);Russian Federation;;Analytical Credit Rating Agency (ACRA);Analytical Credit Rating Agency (ACRA);https://www.centrinvest.ru/en/sustainability/;;
Central American Bank for Economic Integration (CABEI);Supra-national;;Appendix to Sustainalytics report;SUSTAINALYTICS;https://www.bcie.org/en/investor-relations/green-bank/;;
Central Nippon Expressway Company (Climate Resilience);Japan;;Japan Credit Rating Agency;Japan Credit Rating Agency;https://www.c-nexco.co.jp/en/corporate/ir/greenbond/;;
Central Nippon Expressway Company Limited (2020);Japan;;Japan Credit Rating Agency;Japan Credit Rating Agency;https://www.c-nexco.co.jp/en/corporate/ir/greenbond/;;
Central Puget Sound Regional Transit Authority (Sound Transit);US;;Appendix to Sustainalytics report;SUSTAINALYTICS;http://www.soundtransit.org/sustainability/green-bonds;;
China Construction Bank (HK Branch);China;;;E&Y;http://www.ccb.com/en/investorv3/greenbond/20191014_1571023002.html;;
China Construction Bank (Luxembourg Branch);Luxembourg;;;E&Y;http://www.ccb.com/en/investorv3/greenbond/20191014_1571023002.html;;
China Everbright Bank;China;;Appendix to Sustainalytics report;SUSTAINALYTICS;http://www.cebbank.com/site/gdywwz/CEB_Homepage/Bank%20profile/index.html;;
Cibus Nordic Real Estate AB;Sweden;June 2020;SUSTAINALYTICS;SUSTAINALYTICS;https://www.cibusnordic.com/investors/the-bond/sek-green-bond-600-msek/;;
Citi Group;US;;Appendix to Sustainalytics report;SUSTAINALYTICS;https://www.citigroup.com/citi/fixedincome/green_bonds.htm;;
City Developments Limited;Singapore;;Appendix to Sustainalytics report;SUSTAINALYTICS;http://www.cdlsustainability.com/09-green-financing.html;;
City of Berkeley, California (series A);US;;;Kestrel Verifiers;https://www.cityofberkeley.info/Finance/Home/Financial_Reports.aspx;;
City of Berkeley, California (series B);US;;;Kestrel Verifiers;https://www.cityofberkeley.info/Finance/Home/Financial_Reports.aspx;;
City of Boston;US;;;Kestrel Verifiers;https://www.buybostonbonds.com/boston-investor-relations-ma/bonds/i3491;;
City of Cape Town;South Africa;;;Moody's Investors Service;http://www.capetown.gov.za/work%20and%20business/invest-in-cape-town/the-citys-investor-relations/external-finance;;
City of Edmonds;US;;;Kestrel Verifiers;http://www.edmondswa.gov/financial-reports.html;;
City of Gothenburg;Sweden;;CICERO;CICERO;http://finans.goteborg.se/en/greenbonds/;;
City of Lund;Sweden;;;CICERO;http://www.cicero.uio.no/en/posts/what-we-do/cicero-second-opinions-list ;;
City of Minneapolis (2018);US;;Kestrel Verifiers;;http://www2.minneapolismn.gov/sustainability/reports/index.htm;;
City of Minneapolis (2019);US;;Kestrel Verifiers;Kestrel Verifiers;http://www2.minneapolismn.gov/sustainability/reports/index.htm;;
City of Oslo;Norway;;;CICERO;http://www.cicero.uio.no/en/posts/what-we-do/cicero-second-opinions-list ;;
City of Paris;France;;;VIGEO EIRIS;https://www.paris.fr/investisseurs#strategie-de-financement-verte-et-responsable_2;;
City of Reykjavik;Iceland;;CICERO;CICERO;https://reykjavik.is/thjonusta/graen-skuldabref-green-bonds;;
City of Seattle;US;;;Kestrel Verifiers;https://www.seattle.gov/investor-relations;;
City of Vancouver;Canada;;Appendix to Sustainalytics report;SUSTAINALYTICS;https://vancouver.ca/your-government/investor-relations.aspx;;
City of Västerås;Sweden;;;CICERO;http://www.cicero.uio.no/en/posts/what-we-do/cicero-second-opinions-list ;;
Citycon;Finland;December 2019;CICERO;CICERO;https://www.citycon.com/investors/financing/green-financing;;
Ciudad de México (CDMX);Mexico;;Appendix to Sustainalytics report;SUSTAINALYTICS;http://procesos.finanzas.cdmx.gob.mx/bono_verde/;;
Clearway Energy Operating LLC;US;;Appendix to Sustainalytics report;SUSTAINALYTICS;http://investor.clearwayenergy.com/green-bonds;;
CNP Assurance;France;;;VIGEO EIRIS;https://www.cnp.fr/en/the-cnp-assurances-group/investors/credit-rating-and-debt-issuances/debt-issuances;;
Columbus Energy S.A.;Poland;;;CICERO;;;
Commerzbank;Germany;;Appendix to Sustainalytics report;SUSTAINALYTICS;https://www.commerzbank.com/en/hauptnavigation/aktionaere/informationen_f_r_fremdkapitalgeber/greenbondframework/greenbond_docs.html;;
Compagnie de Phalsbourg;France;;;VIGEO EIRIS;http://www.compagniedephalsbourg.com/emission-inaugurale-green-record-pour-la-compagnie-de-phalsbourg/;;
Concord New Energy;China;;Appendix to Sustainalytics report;SUSTAINALYTICS;http://www.cnegroup.com/en/investor/;;
Connecticut Green Bank (2020);US;;;Kestrel Verifiers;https://greenbonds.us/;;
Connecticut Green Bank (Series 2019-1);US;;;Kestrel Verifiers;https://greenbonds.us/;;
Consorcio Transmantaro S.A.;Peru;;;Moody's Investors Service;http://www.rep.com.pe/Paginas/inversionistas-ingles.aspx;;
Continuum Green Energy;India;;;CICERO;https://www.continuumenergy.in/investor-relations;;
Corem Property Group;Sweden;September 2020;CICERO;;https://www.corem.se/sv/ir;;
Corporación Andina de Fomento (CAF);Supra-national;;Appendix to Sustainalytics report;SUSTAINALYTICS;https://www.caf.com/en/investors/green-bonds-program/;;
Covivio;France;October 2019;VIGEO EIRIS;VIGEO EIRIS;https://www.covivio.eu/en/finance/financial-strategy/bond/;;
Crédit Agricole (2016);France;September 2016;SUSTAINALYTICS;SUSTAINALYTICS;https://www.credit-agricole.com/en/finance/finance/debt;;
Crédit Agricole (2018);France;;;VIGEO EIRIS;https://www.credit-agricole.com/en/finance/finance/debt;;
Crédit Agricole (2019);France;June 2019;VIGEO EIRIS;VIGEO EIRIS;https://www.credit-agricole.com/en/finance/finance/debt;;
Credit Suisse;Switzerland;;;ISS-oekom;https://www.credit-suisse.com/corporate/en/investor-relations/information-for-debt-investors/green-finance.html;;
CSOLAR IV West, LLC;US;;Appendix to Sustainalytics report;SUSTAINALYTICS;http://www.tenaska.com/tenaska-refinances-2nd-solar-facility-californias-imperial-valley-issuance-u-s-private-placement-green-bond/;;
CTP;Czech Republic;;Appendix to Sustainalytics report;SUSTAINALYTICS;https://www.ctp.eu/investors/#green-bond-reporting;;
Daiken Corporation;Japan;;Japan Credit Rating Agency;Japan Credit Rating Agency;https://www.daiken-ad.com/en/csr.html;;
Daimler AG;Germany;;;CICERO;https://www.daimler.com/investors/refinancing/green-finance/;;
Daiwa Energy & Infrastructure Co. Ltd.;Japan;;Appendix to Rating and Investment Information report;Rating and Investment Information;http://www.daiwa-ei.jp/en/index.html;;
Daiwa House Industry Co., Ltd. ;Japan;;;Rating and Investment Information;https://www.daiwahouse.com/English/sustainable/csr/esg/csr_report/;;
Daiwa House REIT;Japan;October 2019;Japan Credit Rating Agency;Japan Credit Rating Agency;https://www.daiwahouse-reit.co.jp/en/ir/index.html;;
Daiwa Securities Group;Japan;;Appendix to Sustainalytics report;SUSTAINALYTICS;http://www.daiwa-grp.jp/english/ir/index.html;;
Damu Entrepreneurship Development Fund JSC;Kazakhstan;August 2020;AIFC Green Finance Centre;AIFC Green Finance Centre;https://damu.kz/en/programmi/;;
Danske Bank ;Denmark;;Appendix to Sustainalytics report;SUSTAINALYTICS;https://danskebank.com/investor-relations/debt/green-bonds;;
De Volksbank ;Netherlands;January 2020;;ISS-oekom;https://www.devolksbank.nl/en/investor-relations/green-bonds;;
Deutsche Bank AG;Germany;;;ISS ESG;https://www.db.com/ir/en/green-bond.htm;;
Deutsche Hypothekenbank AG (2017);Germany;November 2017;oekom research;oekom research;https://www.deutsche-hypo.de/en/sustainability/green-bond;;
Deutsche Hypothekenbank AG (2020);Germany;;;ISS ESG;https://www.deutsche-hypo.de/en/green-bond;;
Deutsche Kreditbank (DKB) (2016);Germany;August 2016;;oekom research ;https://www.dkb.de/ueber_uns/verantwortung/green-bond-english/;;
Deutsche Kreditbank (DKB) (2017);Germany;;;oekom research ;https://www.dkb.de/ueber_uns/verantwortung/green-bond-english/;;
Deutsche Kreditbank (DKB) (2020);Germany;;;ISS ESG;https://www.dkb.de/ueber_uns/verantwortung/green-bond-english/;;
Deutsche Wohnen SE Group;Germany;;Appendix to Sustainalytics report;SUSTAINALYTICS;https://ir.deutsche-wohnen.com/websites/dewohnen/English/1/home.html;;
Development Bank of Japan (DBJ);Japan;;;DNV;http://www.dbj.jp/en/ir/credit/sri/index.html;;
Development Bank of Southern Africa ;South Africa;;;CARBON TRUST;https://www.dbsa.org/EN/InvestorRelations/Pages/Green-Bonds.aspx;;
Dexin China Holdings Company Limited;China;;Appendix to Sustainalytics report;SUSTAINALYTICS;http://ir.dexinchina.cn/en/CorporateInformation.aspx;;
Digital Realty;US;;Appendix to Sustainalytics report;SUSTAINALYTICS;https://investor.digitalrealty.com/overview/investor-relations-overview/default.aspx;;
Diös;Sweden;;CICERO;CICERO;https://www.dios.se/investerare/gron-finansiering/;;
District of Columbia Water & Sewer;US;;;Moody's Investors Service;https://www.dcwater.com/green-bonds;;
Dublin Unified School District;US;;;Kestrel Verifiers;https://www.dublin.k12.ca.us/Page/9554;;
E.ON (2019);Germany;;Appendix to Sustainalytics report;SUSTAINALYTICS;https://www.eon.com/en/investor-relations/bonds/green-bonds.html;;
E.ON (2021);Germany;;Appendix to Sustainalytics report;SUSTAINALYTICS;https://www.eon.com/en/investor-relations/bonds/green-bonds.html;;
East Renewable AB;Sweden;;CICERO;CICERO;;;
Eco Research Institute;Japan;;Appendix to Rating and Investment Information report;Rating and Investment Information;https://ecobioplastics.jp/en/;;
EDF;France;July 2017;VIGEO EIRIS;VIGEO EIRIS;www.edf.fr/green-bonds-en ;;
Electricity Supply Board (ESB);Ireland;June 2019;SUSTAINALYTICS;SUSTAINALYTICS;https://www.esb.ie/investor-relations/green-bond;;
Electrolux ;Sweden;;;CICERO;https://www.electroluxgroup.com/en/green-bond-framework-29317/;;
Ellaktor Value PLC;Greece;;;ISS ESG;https://ellaktor.com/en/homepage/senior-notes-summary-term-sheet/;;
Empresas CMPC S.A. (CMPC);Chile;;Appendix to Sustainalytics report;SUSTAINALYTICS;http://ir.empresascmpc.cl/English/Fixed-Income/Green-Bond-Reporting/default.aspx;;
EnBW;Germany;January 2019;;ISS-oekom;https://www.enbw.com/company/investors/bonds-share/bonds/green-bond.html;;
ENEL Finance Supra-national (2017);Italy;January 2017;VIGEO EIRIS;VIGEO EIRIS;https://www.enel.com/investors/fixed-income/main-programs/green-bond;;
ENEL Finance Supra-national (2018);Italy;;;VIGEO EIRIS;https://www.enel.com/investors/fixed-income/main-programs/green-bond;;
Energias de Portugal Group (EDP);Portugal;;Appendix to Sustainalytics report;SUSTAINALYTICS;https://www.edp.com/en/investors/funding/green-bonds;;
Energy Development Corporation (EDC);Philippines;;Appendix to Sustainalytics report;SUSTAINALYTICS;https://www.energy.com.ph/;;
ENGIE (2014);France;August 2016;;VIGEO EIRIS;http://www.engie.com/en/investors/fixed-income/green-bond-fight-climate-change/;;
ENGIE (January 2018);France;;;VIGEO EIRIS;http://www.engie.com/en/investors/fixed-income/green-bond-fight-climate-change/;;
ENGIE (March 2017);France;;;VIGEO EIRIS;http://www.engie.com/en/investors/fixed-income/green-bond-fight-climate-change/;;
ENGIE (September 2017);France;;;VIGEO EIRIS;https://www.engie.com/en/csr-experts-area/2017-green-bond/;;
Entra Eiendom ASA (Entra);Norway;;;CICERO;https://entra.no/investor-relations/article/financing/25;;
EUROFIMA;Switzerland;;Appendix to Sustainalytics report;SUSTAINALYTICS;https://www.eurofima.org/sustainability/green-bonds/;;
European Bank for Reconstruction and Development (EBRD) - Climate Resilience Bonds 2019;Supra-national;September 2019;;;https://www.ebrd.com/work-with-us/sri/green-bond-issuance.html;;
European Bank for Reconstruction and Development (EBRD) - Environmental Sustainability Bonds 2019;Supra-national;September 2019;;CICERO;https://www.ebrd.com/work-with-us/sri/green-bond-issuance.html;;
European Bank for Reconstruction and Development (EBRD) - Green Transition Bonds 2019;Supra-national;September 2019;;;https://www.ebrd.com/work-with-us/sri/green-bond-issuance.html;;
European Energy A/S;Denmark;;;DNV;https://europeanenergy.com/en/investor-relations;;
European Investment Bank (EIB) - CABs (2015);Supra-national;September 2016;Appendix to KPMG statement;KPMG;http://www.eib.org/investor_relations/cab/index.htm;;
European Investment Bank (EIB) - CABs (2016);Supra-national;September 2016;Appendix to KPMG statement;KPMG;http://www.eib.org/investor_relations/cab/index.htm;;
European Investment Bank (EIB) - CABs (2017);Supra-national;;Appendix to KPMG statement;KPMG;http://www.eib.org/investor_relations/cab/index.htm;;
European Investment Bank (EIB) - CABs (2018);Supra-national;;Appendix to KPMG statement;KPMG;http://www.eib.org/investor_relations/cab/index.htm;;
European Investment Bank (EIB) - CABs (2019);Supra-national;;Appendix to KPMG statement;KPMG;http://www.eib.org/investor_relations/cab/index.htm;;
Export Development Canada;Canada;;;CICERO;https://www.edc.ca/EN/Investor-Relations/Pages/green-bonds.aspx;;
Export-Import Bank of Korea (KEXIM);Korea;;;CICERO;https://www.koreaexim.go.kr/site/program/board/basicboard/list?boardtypeid=332&phototype=list&menuid=002001006006;;
Fabege;Sweden;;;SUSTAINALYTICS;https://fabege.se/en/About-Fabege/Financial-Information/Financing/Green-MTN-programme/;;
Falck Renewables;Italy;;;DNV;https://www.falckrenewables.com/investor-relations/greenbond;;
Fannie Mae (2018);US;;;CICERO;https://www.fanniemae.com/multifamily/green-initiative-green-mbs;;
Fannie Mae (2020);US;;;CICERO;https://www.fanniemae.com/multifamily/green-initiative-green-mbs;;
Fastighets AB Balder;Sweden;;;CICERO;https://en.balder.se/investor-relations/green-bond-framework;;
Fastpartner;Sweden;November 2018;CICERO;CICERO;https://fastpartner.se/finansiell-information/;;
FCC Servicios Medio Ambiente Holding ;Spain;December 2019;;CICERO;http://www.fccambito.com/en/informacion-financiera/bono-verde-fcc-medioambiente;;
Federal Government of Nigeria;Nigeria;;;Moody's Investors Service;http://www.dmo.gov.ng/fgn-bonds/green-bond;;
Federal Republic of Germany;Germany;;;ISS ESG;https://www.deutsche-finanzagentur.de/en/institutional-investors/federal-securities/green-federal-securities/;;
Ferrovie dello Stato Italiane SpA;Italy;;Appendix to Sustainalytics report;SUSTAINALYTICS;https://www.fsitaliane.it/content/fsitaliane/en/investor-relations/debt-and-credit-rating/green-bond.html;;
Fibria Overseas Finance Ltd;Brazil;;Appendix to Sustainalytics report;SUSTAINALYTICS;https://ir.fibria.com.br/sustainability/green-bond-2027;;
First Abu Dhabi Bank (2018);UAE;June 2018;KPMG;VIGEO EIRIS;https://www.bankfab.com/en-ae/about-fab/investor-relations/debt-investor-information/fab-green-bond;;
First Abu Dhabi Bank (2019);UAE;June 2019;KPMG;VIGEO EIRIS;https://www.bankfab.com/en-ae/about-fab/investor-relations/debt-investor-information/fab-green-bond;;
First Abu Dhabi Bank (2020);UAE;June 2020;KPMG;;https://www.bankfab.com/en-ae/about-fab/investor-relations/debt-investor-information/fab-green-bond;;
Flexigroup;Australia;;;DNV;https://www.flexigroup.com.au/first-subordinated-green-tranche;;
Fluvius System Operator;Belgium;;;ISS ESG;https://over.fluvius.be/en/thema/investor-relations/green-financing;;
Fortum Värme;Sweden;;;CICERO;http://www.fortum.com/countries/se/om-fortum/fortum-varme/finansiering/pages/default.aspx;;
Freddie Mac;US;;CICERO;CICERO;https://mf.freddiemac.com/investors/impact-bonds.html#green-bonds;;
Fuyo General Lease Co., Ltd;Japan;;Japan Credit Rating Agency;Japan Credit Rating Agency;https://www.fgl.co.jp/eng/i_news.html;;
Garant-Invest Commercial Real Estate (2019);Russian Federation;;Expert RA;Expert RA;https://com-real.ru/green-bonds;;
Garant-Invest Commercial Real Estate (2020);Russian Federation;;Expert RA;Expert RA;https://com-real.ru/green-bonds;;
Gas Natural Fenosa;Spain;;;VIGEO EIRIS;http://www.gasnaturalfenosa.com/en/shareholders+and+investors/shares+and+equity/emissions+and+rating/euro+medium+term+notes+programme+emtn/1297342550554/green+bond.html;;
Genova Property Group AB;Sweden;January 2021;CICERO;CICERO;https://genova.se/green-finance-framework/;;
Georgia Global Utilities;Georgia;;Appendix to Sustainalytics report;SUSTAINALYTICS;https://www.ggu.ge/green-bonds;;
GetLink S.E;France;;DNV;DNV;https://www.getlinkgroup.com/en/shareholders-investors/debtholders/;;
Global Invest Agrotech;Spain;;Appendix to Sustainalytics report;SUSTAINALYTICS;https://www.globalinvestagrotech.com/;;
Globalworth;Guernsey;;Appendix to Sustainalytics report;SUSTAINALYTICS;https://www.globalworth.com/investor-relations/bonds;;
GLP J-REIT;Japan;;Japan Credit Rating Agency;Japan Credit Rating Agency;https://www.glpjreit.com/english/sustainability/greenbond.html;;
GPSS Holdings, Inc.;Japan;;Japan Credit Rating Agency;;https://gpssgroup.jp/sustainability-en/;;
Granite REIT;Canada;;Appendix to Sustainalytics report;SUSTAINALYTICS;https://granitereit.com/sustainability;;
Greenko Group;India;;Appendix to Sustainalytics report;SUSTAINALYTICS;http://www.greenkogroup.com/social-impact.html#environmental_initiatives;;
Growthpoint;South Africa;;;KPMG;https://growthpoint.co.za/environmental-sustainability/green-bond;;
Grupo Aeroportuario del Centro Norte (OMA);Mexico;;Appendix to Sustainalytics report;SUSTAINALYTICS;https://ir.oma.aero/index.php/es/debt-profile;;
Grupo Pestana SGPS;Portugal;October 2019;;DNV;https://www.pestanagroup.com/en/financial-indicators/dados-relevantes/;;
Hafslund Eco AS;Norway;;;CICERO;https://hafslundeco.no/en/financial-information/key-figures;;
Hamburger Hochbahn AG;Germany;;;CICERO;https://www.hochbahn.de/hochbahn/hamburg/en/!ut/p/z0/04_Sj9CPykssy0xPLMnMz0vMAfIjo8zivTwsPA29nA18_P2MTQ0CXZyCHQ0NTT2Dgsz0vfSj8CsAmmBU5Ovsm64fVZBYkqGbmZeWrx8RnJpZkpqn4JqZnppXnJyRmAbk6RdkR0UCAPUv8CQ!/;;
Handelsbanken;Sweden;;;CICERO;https://www.handelsbanken.co.uk/idaboutthebank_individual;;
Hanjin Supra-national Corp.;US;;Appendix to Sustainalytics report;SUSTAINALYTICS;http://www.wilshiregrandcenter.com/project-info/sustainability;;
Hankyu Hanshin REIT, Inc.;Japan;;Japan Credit Rating Agency;Japan Credit Rating Agency;https://www.hankyuhanshinreit.co.jp/eng/ir;;
Hannon Armstrong;US;;;Moody's Investors Service;http://investors.hannonarmstrong.com/;;
Hanwha Energy USA;US;;Appendix to Sustainalytics report;SUSTAINALYTICS;https://174powerglobal.com/sustainability/;;
Hanwha Solutions;South Korea;;Appendix to Sustainalytics report;SUSTAINALYTICS;https://www.hanwha.com/en/investors.html;;
Hawaiian Electric Company Inc. ;US;;Appendix to Sustainalytics report;SUSTAINALYTICS;https://www.hawaiianelectric.com/clean-energy-hawaii/sustainability-report;;
Hemfosa Fastigheter AB;Sweden;May 2019;CICERO;CICERO;https://hemfosa.se/en/about-hemfosa/sustainability/;;
HERA;Italy;;;ISS-oekom;https://eng.gruppohera.it/group/investor_relations/;;
Hitachi Capital (UK) PLC;UK;;Appendix to Sustainalytics report;SUSTAINALYTICS;https://www.hitachicapital.co.uk/financial-performance/;;
Hitachi Capital Corporation (Rating and Investment Information);Japan;;Appendix to Rating and Investment Information report;Rating and Investment Information;http://www.hitachi-capital.co.jp/hcc/english/company/environment.html;;
Hitachi Capital Corporation (Sustainalytics);Japan;;Appendix to Sustainalytics report;SUSTAINALYTICS;http://www.hitachi-capital.co.jp/hcc/english/company/environment.html;;
Hitachi Zosen Corporation;Japan;August 2018;DNV;DNV;http://www.hitachizosen.co.jp/english/csr/;;
HKSAR Government;China;;;VIGEO EIRIS;https://www.hkgb.gov.hk/en/green/green.html;;
Honda Finance;Japan;;Appendix to Rating and Investment Information report;Rating and Investment Information;https://global.honda/investors/;;
Hong Kong and China Gas Company Limited (Towngas Group);China;;Appendix to Sustainalytics report;SUSTAINALYTICS;https://www.towngas.com/en/Social-Responsibility/Health,-Safety-and-Environmental-Management/Green-Financing;;
HSBC;UK;;;CICERO;http://www.hsbc.com/investor-relations/fixed-income-securities/green-bond-reports;;
Hudson Solar Japan;Japan;;Japan Credit Rating Agency;Japan Credit Rating Agency;https://www.hudsonsustainable.com/investment-expertise/private-equity;;
Hypo Vorarlberg Bank AG;Austria;;;oekom research ;https://www.hypovbg.at/facts-in-english/investor-relations/;;
Hysan;China;;Appendix to Sustainalytics report;SUSTAINALYTICS;http://www.hysan.com.hk/sustainability/;;
Iberdrola (December 2016);Spain;;;VIGEO EIRIS;https://www.iberdrola.com/shareholders-investors/investors/fixed-income/information-related-to-green-bonds;;
Iberdrola (June 2018);Spain;;;VIGEO EIRIS;https://www.iberdrola.com/shareholders-investors/investors/fixed-income/information-related-to-green-bonds;;
Iberdrola (March 2017);Spain;;;VIGEO EIRIS;https://www.iberdrola.com/shareholders-investors/investors/fixed-income/information-related-to-green-bonds;;
Iberdrola (September 2017);Spain;;;VIGEO EIRIS;https://www.iberdrola.com/shareholders-investors/investors/fixed-income/information-related-to-green-bonds;;
Icade S.A;France;;Appendix to Sustainalytics report;SUSTAINALYTICS;http://www.icade.fr/en/finance/financing/bond-issue;;
Indian Renewable Energy Development Agency Limited’s (IREDA);India;;;Moody's Investors Service;https://ireda.in/forms/contentpage.aspx?lid=1407;;
Industrial and Commercial Bank of China;China;;;CICERO;http://www.icbc-ltd.com/ICBCLtd/Investor%20Relations/GreenFinance/;;
Industrial Bank of China;China;;CICERO;CICERO;https://www.cib.com.cn/en/aboutCIB/about/;;
ING Bank NV (2017);Netherlands;July 2016;oekom research;oekom research;https://www.ing.com/ING-in-Society/Sustainability/INGs-Sustainability-Direction/Green-bond.htm;;
ING Bank NV (2020);Netherlands;;;ISS ESG;https://www.ing.com/Sustainability/Sustainable-business/ING-Green-Bond.htm;;
Innogy SE;Germany;;Appendix to Sustainalytics report;SUSTAINALYTICS;https://iam.innogy.com/en/about-innogy/investor-relations/bonds/green-bonds;;
Instituto de Crédito Oficial (ICO);Spain;;Appendix to Sustainalytics report;SUSTAINALYTICS;https://www.ico.es/web/ico_en/ico-green-bonds;;
International Finance Corporation (IFC);Supra-national;September 2016;CICERO;CICERO;http://www.ifc.org/wps/wcm/connect/corp_ext_content/ifc_external_corporate_site/about+ifc_new/ifc+governance/investor+relations/grnbond-overvw;;
Intesa Sanpaolo;Italy;;;VIGEO EIRIS;https://www.group.intesasanpaolo.com/scriptIsir0/si09/sostenibilita/eng_prodotti_verdi.jsp#/investor_relations/ita_prospetti.jsp%3FtabId%3DprogrMTNGB;;
Invesco Office J-REIT;Japan;;Appendix to Sustainalytics report;SUSTAINALYTICS;http://www.invesco-reit.co.jp/en/ir/index.html;;
IREN S.p.A. (2017);Italy;October 2017;;DNV;https://www.gruppoiren.it/green-bond;;
IREN S.p.A. (2018);Italy;September 2018;;DNV;https://www.gruppoiren.it/green-bond;;
IREN S.p.A. (2019);Italy;September 2019;;DNV;https://www.gruppoiren.it/green-bond;;
Islamic Development Bank;Supra-national;;;CICERO;https://www.isdb.org/what-we-do/investor-relations;;
Íslandsbanki ;Iceland;;Appendix to Sustainalytics report;SUSTAINALYTICS;https://www.islandsbanki.is/en/article/sustainable-financing-framework;;
ITOCHU;Japan;;Japan Credit Rating Agency;Japan Credit Rating Agency;https://www.ial-reit.com/en/sustainability/;;
JACCS CO., LTD. ;Japan;;Japan Credit Rating Agency;Japan Credit Rating Agency;https://www.jaccs.co.jp/corporate/ir/stock/rating/;;
Jain Irrigation Systems Ltd.;India;;Appendix to Sustainalytics report;SUSTAINALYTICS;http://www.nseprimeir.com/z_JISLJALEQS/index.aspx?value=3cYDU7170mvM600MSHCcMw==;;
Japan Excellent, Inc.;Japan;;Appendix to Sustainalytics report;SUSTAINALYTICS;http://www.excellent-reit.co.jp/eng/ir/;;
Japan Finance Organization for Municipalities (JFM);Japan;;;VIGEO EIRIS;http://www.jfm.go.jp/en/investors/green_bond2.html#annual;;
Japan Hotel REIT Investment Corporation ;Japan;;Japan Credit Rating Agency;Japan Credit Rating Agency;http://www.jhrth.co.jp/en/ir/index.html;;
Japan Housing Finance Agency (JHF);Japan;January 2019;;Japan Credit Rating Agency;https://www.jhf.go.jp/english/mbs.html;;
Japan Prime Realty Investment Corporation;Japan;;Japan Credit Rating Agency;Japan Credit Rating Agency;http://www.jpr-reit.co.jp/en/about/sustainability/greenfinance/;;
Japan Real Estate Investment (JRE) ;Japan;;Appendix to Sustainalytics report;SUSTAINALYTICS;https://www.j-re.co.jp/en/esg/index.html;;
Japan Retail Fund Investment Corp. ;Japan;;Rating and Investment Information;SUSTAINALYTICS;http://www.jrf-reit.com/english/ir/news.html;;
Johnson Controls Supra-national plc;Ireland;;Appendix to Sustainalytics report;SUSTAINALYTICS;https://www.johnsoncontrols.com/corporate-sustainability/green-finance;;
JSC Russian Railways (2019) ;Russian Federation;May 2019;;SUSTAINALYTICS;https://eng.rzd.ru/en/9653;;
JSC Russian Railways (2020);Russian Federation;;Rating Agency Expert RA;Rating Agency Expert RA;https://eng.rzd.ru/en/9653;;
JSC Russian Railways (2021);Russian Federation;;Appendix to Sustainalytics report;SUSTAINALYTICS;https://eng.rzd.ru/en/9653;;
K2A (Knaust & Andersson Fastigheter AB (publ));Sweden;January 2020 (updated);CICERO;CICERO;https://investerare.k2a.se/sv/grona-obligationer;;
Kaiser Foundation Hospitals / California Health Facilities Financing Authority (Kaiser);US;;Appendix to Sustainalytics report;SUSTAINALYTICS;https://share.kaiserpermanente.org/article/environmental-stewardship-climate-energy/;;
Kajima Corporation;Japan;;Appendix to Rating and Investment Information report;Rating and Investment Information;https://www.kajima.co.jp/english/ir/index.html;;
Kanagawa Prefecture;Japan;;;Rating and Investment Information;http://www.pref.kanagawa.jp/docs/v6g/cnt/f6946/index.html;;
KANEKA Corporation;Japan;;Appendix to Rating and Investment Information report;Rating and Investment Information;https://www.kaneka.co.jp/en/ir/;;
KBC;Belgium;;Appendix to Sustainalytics report;SUSTAINALYTICS;https://www.kbc.com/en/kbc-green-bond;;
Kenedix Office Investment Corporation (2018);Japan;;Appendix to Sustainalytics report;SUSTAINALYTICS;;;
Kenedix Office Investment Corporation (2019);Japan;;Japan Credit Rating Agency;Japan Credit Rating Agency;https://www.kdo-reit.com/en/ir/;;
KfW (2016);Germany;September 2016;CICERO;CICERO;https://www.kfw.de/KfW-Group/Investor-Relations/KfW-Green-Bonds/index.html;;
KfW (2020);Germany;October 2020;;CICERO;https://www.kfw.de/KfW-Group/Investor-Relations/KfW-Green-Bonds/index.html;;
King County;US;;;CICERO;https://kingcounty.gov/services/environment/climate/strategies/green-bonds.aspx;;
Kingdom of Belgium;Belgium;;Appendix to Sustainalytics report;SUSTAINALYTICS;https://www.debtagency.be/en/green-olo;;
Kingdom of Hungary;Hungary;;;CICERO;https://akk.hu/green-bond;;
Kingdom of Sweden;Sweden;;;CICERO;https://www.riksgalden.se/en/our-operations/central-government-borrowing/issuance/green-bonds/;;
Kingdom of the Netherlands;Netherlands;;Appendix to Sustainalytics report;SUSTAINALYTICS;https://english.dsta.nl/subjects/g/green-bonds;;
Klabin S.A;Brazil;;Appendix to Sustainalytics report;SUSTAINALYTICS;http://rs.klabin.com.br/Sustainable-consumption-and-production;;
Klövern (Publ.) (2018);Sweden;March 2018;CICERO;CICERO;https://www.klovern.se/en/about-klovern/investor-relations/bonds-and-commercial-paper/;;
Klövern (Publ.) (2020);Sweden;October 2020;CICERO;CICERO;https://www.klovern.se/en/about-klovern/investor-relations/bonds-and-commercial-paper/;;
Kommunalbanken KBN ;Norway;June 2016;;CICERO;http://www.kommunalbanken.no/en/news-media/news-and-press-releases/2017/our-green-bond-impact;;
KommuneKredit;Denmark;;;CICERO;https://www.kommunekredit.dk/en/green-bonds/;;
Kommuninvest i Sverige AB;Sweden;June 2016;;CICERO;http://kommuninvest.se/en/for-investors/funding/funding-programmes/greenbonds/our-model/;;
Konan Ultra Power (2019);Japan;;;Rating and Investment Information;https://konan-ultra.de-power.co.jp/;;
Konan Ultra Power (2020);Japan;;Appendix to Rating and Investment Information report;Rating and Investment Information;https://konan-ultra.de-power.co.jp/;;
Korea Development Bank;Korea;;Appendix to Sustainalytics report;SUSTAINALYTICS;https://www.kdb.co.kr/ih/wcms.do;;
Korea Electric Power Corporation ;Korea;;Appendix to Sustainalytics report;SUSTAINALYTICS;http://home.kepco.co.kr/kepco/EN/ntcob/list.do?boardSeq=21032409&parnScrpSeq=21032409&depth=0&boardNo=0&boardCd=BRD_000448&replyRo;;
Korea Midland Power;Korea;;Appendix to Sustainalytics report;SUSTAINALYTICS;https://www.komipo.co.kr/eng/board/BRD_000092/boardMain.do?mnCd=EN030204&pageSize=10;;
Korea Water Resources Corporation;Korea;;Appendix to Sustainalytics report;SUSTAINALYTICS;http://english.kwater.or.kr/eng/inve/greenBondPage.do?s_mid=1782;;
Kyushu Railway Company;Japan;;Appendix to Sustainalytics report;SUSTAINALYTICS;https://www.jrkyushu.co.jp/company/ir_eng/library/greenbond/;;
La Banque Postale;France;;VIGEO EIRIS;VIGEO EIRIS;https://www.labanquepostale.fr/content/dam/groupe/investisseurs/pdf/dette/dette-verte/20190401_Second_Party_Opinion_La_Banque_Postale.pdf;;
La Poste Group;France;;;SUSTAINALYTICS;https://legroupe.laposte.fr/en/finance/debt-issuance-programmes/medium-to-long-term-programmes;;
Landesbank Baden-Württemberg (LBBW) ;Germany;;;oekom research;https://www.lbbw.de/en/investor_relations/refinanzierung/green_bond/green_bond.jsp;;
Landsbankinn;Iceland;;Appendix to Sustainalytics report;SUSTAINALYTICS;https://www.landsbankinn.is/en/the-bank/investor-relations/sustainable-finance;;
Landshypotek Bank AB;Sweden;;;CICERO;https://www.landshypotek.se/en/about-landshypotek/investor-relations/green-bond-framework/;;
Latvenergo (2015);Latvia;;;CICERO;https://latvenergo.lv/en/investoriem/finansu-informacija;;
Latvenergo (2020);Latvia;;;CICERO;https://latvenergo.lv/en/investoriem/finansu-informacija;;
LeasePlan;Netherlands;;Appendix to Sustainalytics report;SUSTAINALYTICS;https://www.leaseplan.com/corporate/investors/debtholder-centre;;
Liberty Power;Canada;;Appendix to Sustainalytics report;SUSTAINALYTICS;http://www.algonquinpowercompany.com/;;
Lietuvos Energija;Lithuania;;;CICERO;https://www.le.lt/index.php/for-investors/debt-investors/green-bonds-framework/5085;;
Link Reit;China;;Appendix to Sustainalytics report;SUSTAINALYTICS;http://www.linkreit.com/EN/corporate/Pages/Green-Bond.aspx;;
Looop Inc.;Japan;;Appendix to Rating and Investment Information report;Rating and Investment Information;https://looop.co.jp/en/;;
Lyse AS;Norway;;;CICERO;http://www.lysekonsern.no/financial-information/loans-and-prospectuses/;;
Macquarie Group;Australia;;Appendix to Sustainalytics report;SUSTAINALYTICS;https://www.macquarie.com/my/about/newsroom/2018/macquarie-group-issues-green-loan-facility/;;
Manulife;Canada;;Appendix to Sustainalytics report;SUSTAINALYTICS;http://www.manulife.com/Green-Bonds;;
Marui Group;Japan;;Appendix to Sustainalytics report;SUSTAINALYTICS;http://www.0101maruigroup.co.jp/en/ir/;;
mBank S.A. Group ;Poland;;Appendix to Sustainalytics report;SUSTAINALYTICS;https://www.mbank.pl/en/investor-relations/ratings-debt-instruments/;;
MEIDENSHA CORPORATION;Japan;;Japan Credit Rating Agency;DNV;http://www.meidensha.com/csr/csr_06/index.html;;
Mexico City Airport Trust;Mexico;;Appendix to Sustainalytics report;SUSTAINALYTICS;http://www.aeropuerto.gob.mx/inversionistas_que.php;;
Midsummer;Sweden;;Appendix to Sustainalytics report;SUSTAINALYTICS;https://midsummer.se/ir/green-bond/;;
Milwaukee Metropolitan Sewerage District (2020A bonds);US;;;Kestrel Verifiers;https://www.mmsd.com/about-us/news/mmsd-issue-certified-climate-bond;;
Milwaukee Metropolitan Sewerage District (Series 2020D);US;;;Kestrel Verifiers;https://www.mmsd.com/about-us/news/mmsd-issue-certified-climate-bond;;
Mitsubishi Electric Credit Corporation ;Japan;;;Japan Credit Rating Agency;https://www.mitsubishielectric.com/en/sustainability/environment/policy/index.page;;
Mitsubishi Estate;Japan;;Rating and Investment Information;SUSTAINALYTICS;http://www.mec.co.jp/e/investor/index.html;;
Mitsubishi Heavy Industries;Japan;;Appendix to Sustainalytics report;SUSTAINALYTICS;https://www.mhi.com/finance/stock/greenbond;;
Mitsubishi UFJ Financial Group (2016);Japan;September 2016;SUSTAINALYTICS;SUSTAINALYTICS;https://www.mufg.jp/english/ir/fixed_income/greenbond/index.html;;
Mitsubishi UFJ Financial Group (2018);Japan;;Appendix to Sustainalytics report;SUSTAINALYTICS;https://www.mufg.jp/english/ir/fixed_income/greenbond/index.html;;
Mitsubishi UFJ Lease and Finance;Japan;;Appendix to Sustainalytics report;SUSTAINALYTICS;http://www.lf.mufg.jp/english/corporate/index.html;;
Mitsubishi UFJ Trust and Banking Corporation;Japan;;Japan Credit Rating Agency;Japan Credit Rating Agency;https://www.mufg.jp/english/ir/fixed_income/greenbond/index.html;;
Mitsui Fudosan Co., Ltd. (2018);Japan;;Appendix to Rating and Investment Information report;Rating and Investment Information;https://www.mitsuifudosan.co.jp/english/corporate/news/2019/0730_01/;;
Mitsui Fudosan Co., Ltd. (2020);Japan;;Appendix to Sustainalytics report;SUSTAINALYTICS;https://www.mitsuifudosan.co.jp/english/corporate/ir/library/?id=global;;
Mitsui O.S.K. Lines, Ltd.;Japan;;VIGEO EIRIS;VIGEO EIRIS;http://www.mol.co.jp/en/pr/2018/18053.html;;
Mizuho Financial Group, Inc. (2017);Japan;;Appendix to Sustainalytics report;SUSTAINALYTICS;https://www.mizuho-fg.com/csr/environment/business/greenbond/index.html;;
Mizuho Financial Group, Inc. (2020);Japan;;Appendix to Sustainalytics report;SUSTAINALYTICS;https://www.mizuhogroup.com/sustainability/environment/business/greenbond;;
Modern Land (China);China;;;CICERO/ENSO;http://www.modernland.hk/en-us/index.php?m=list&a=index&id=24;;
Monash University;Australia;;;Moody's Investors Service;https://www.monash.edu/about/discover-sustainability;;
Mori Hills REIT Investment Corporation;Japan;;Appendix to Sustainalytics report;SUSTAINALYTICS;https://www.mori-hills-reit.co.jp/en/outline/approach_system/tabid/392/Default.aspx#Approach;;
MORIBUILDINGCo., Ltd.;Japan;;Appendix to Sustainalytics report;SUSTAINALYTICS;https://www.mori.co.jp/company/ir/greenbond.html;;
Mosaic Solar Loans 2017-1 LLC;US;;Appendix to Sustainalytics report;SUSTAINALYTICS;https://www.joinmosaic.com/partnerform/solar/;;
Mowi ASA;Norway;;;CICERO;https://mowi.com/investors/share-and-bond/bonds/;;
MTR Corporation Ltd. ;China;;Appendix to Sustainalytics report;SUSTAINALYTICS;https://www.mtr.com.hk/en/corporate/sustainability/sustainability_reporting.html;;
Münchener Hypothekenbank eG;Germany;;;ISS ESG;https://www.muenchenerhyp.de/en/subjects/sustainable;;
Munich Re;Germany;;Appendix to Sustainalytics report;SUSTAINALYTICS;https://www.munichre.com/en.html;;
Municipality Credit Iceland Plc;Iceland;;Appendix to Sustainalytics report;SUSTAINALYTICS;https://www.lanasjodur.is/lan-til-sveitarfelaga/utlanastarfsemi/graenar-lanveitingar/;;
Municipality Finance plc (MuniFin);Finland;July 2016;SEI;CICERO;https://www.munifin.fi/sustainable-bonds/;;
Nacional Financiera, Sociedad Nacional de Crédito (Nafin);Mexico;;Appendix to Sustainalytics report;SUSTAINALYTICS;http://www.nafin.com/portalnf/content/piso-financiero/emisiones-sustentables/green_bond_2020.html;;
National Australia Bank Limited (NAB);Australia;;;DNV;https://capital.nab.com.au/information/green-and-sri-bonds;;
National Bank of Greece;Greece;;Appendix to Sustainalytics report;SUSTAINALYTICS;https://www.nbg.gr/en/the-group/investor-relations/dept-investors;;
National Grid PLC;UK;;;DNV;https://investors.nationalgrid.com/debt-investors/green-financing/greenfinancing;;
National Power Company of Iceland (Landsvirkjun);Iceland;;Appendix to Sustainalytics report;SUSTAINALYTICS;https://www.landsvirkjun.com/finance/funding/green-bond;;
Natwest (Royal Bank of Scotland Group) plc (2020);UK;;Appendix to Sustainalytics report;SUSTAINALYTICS;https://investors.rbs.com/fixed-income-investors/green-social-and-sustainability-bonds/gss-bonds.aspx;;
Nedbank;South Africa;;;CARBON TRUST;https://www.nedbank.co.za/content/nedbank/desktop/gt/en/investor-relations/debt-investor/debt-investors-programme.html;;
New Energy Investments;Poland;;;CICERO;https://ir.columbusglobal.com/;;
New South Wales Treasury Corporation ;Australia;;Appendix to Sustainalytics report;SUSTAINALYTICS;https://www.tcorp.nsw.gov.au/html/sustainabilitybonds.cfm;;
New World Development;China;;;HKQAA;https://www.nwd.com.hk/investor-relations;;
New York MTA;US;;;SUSTAINALYTICS;http://web.mta.info/mta/investor/new/green-bonds.htm;;
New York Power Authority ;US;;Appendix to Sustainalytics report;SUSTAINALYTICS;https://www.nypa.gov/about/financials;;
Nidec Corporation;Japan;;Appendix to Sustainalytics report;SUSTAINALYTICS;https://www.nidec.com/en/sustainability/environment/greenbond/;;
Nippon Yusen Kabushiki Kaisha (NYK);Japan;May 2018;VIGEO EIRIS;VIGEO EIRIS;http://www.nyk.com/english/csr/envi/manage/greenbond.html;;
Nobina AB;Sweden;February 2019;CICERO;CICERO;https://www.nobina.com/en/investor-relations/bond/nobina-ab/;;
Nomura Real Estate Master Fund, Inc. ;Japan;;Japan Credit Rating Agency;Japan Credit Rating Agency;https://www.nre-mf.co.jp/en/ir/index.html;;
Nomura Research Institute (NRI);Japan;;;VIGEO EIRIS;https://www.nri.com/global/csr/greenstyle/greenbond.aspx;;
NORD/LB Luxembourg S.A.;Luxembourg;;Appendix to Sustainalytics report;SUSTAINALYTICS;https://www.nordlb.lu/online/www/menu_top/greenbond/5327/ENG/index.html;;
Nordea Bank AB (2017);Finland;;oekom research;oekom research;https://www.nordea.com/en/investor-relations/reports-and-presentations/green-bonds/;;
Nordea Bank AB (2020);Finland;;;ISS ESG;https://www.nordea.com/en/investor-relations/reports-and-presentations/green-bonds/;;
Nordic Investment Bank (NIB);Supra-national;April 2020;CICERO;CICERO;http://www.nib.int/capital_markets/environmental_bonds;;
NorgesGruppen;Norway;;CICERO;CICERO;https://www.norgesgruppen.no/presse/nyhetsarkiv/aktuelt/utsteder-gront-obligasjonslan/;;
North American Development Bank;Supra-national;;Appendix to Sustainalytics report;SUSTAINALYTICS;http://www.nadbank.org/~nadborg/index.php?acc=contest&tpl=investors;;
North Texas Municipal Water District;US;;;Kestrel Verifiers;https://www.ntmwd.com/finances/;;
Novelis Inc;US;;Appendix to Sustainalytics report;SUSTAINALYTICS;https://www.novelis.com/sustainability/;;
NP3 Fastigheter;Sweden;September 2020;CICERO;CICERO;https://np3fastigheter.se/hallbarhet/ramverk-for-gron-finansiering/;;
NRW.BANK (2015);Germany;May 2019;oekom research;oekom research;https://www.nrwbank.com/en/investor-relations/NRW.BANK.Green_Bonds.html;;
NRW.BANK (2016);Germany;July 2016;oekom research;oekom research;https://www.nrwbank.com/opencms/en/investor-relations/Issuance_NRW.BANK.Green_Bond.html;;
NRW.BANK (2017);Germany;August 2017;oekom research;oekom research;https://www.nrwbank.com/opencms/en/investor-relations/Issuance_NRW.BANK.Green_Bond.html;;
NRW.BANK (2018);Germany;July 2018;oekom research;oekom research;https://www.nrwbank.com/opencms/en/investor-relations/Issuance_NRW.BANK.Green_Bond.html;;
NRW.BANK (2019 - May);Germany;May 2019;ISS-oekom;ISS-oekom;https://www.nrwbank.com/opencms/en/investor-relations/Issuance_NRW.BANK.Green_Bond.html;;
NRW.BANK (2019 - October);Germany;October 2019;ISS ESG;ISS ESG;https://www.nrwbank.com/opencms/en/investor-relations/Issuance_NRW.BANK.Green_Bond.html;;
NRW.BANK (2020);Germany;January 2020;ISS ESG;ISS ESG;https://www.nrwbank.com/opencms/en/investor-relations/Issuance_NRW.BANK.Green_Bond.html;;
NRW.BANK (2021);Germany;;;ISS ESG;https://www.nrwbank.com/opencms/en/investor-relations/Issuance_NRW.BANK.Green_Bond.html;;
NTT Group;Japan;;Appendix to Sustainalytics report;SUSTAINALYTICS;https://www.ntt-finance.co.jp/ir/greenbond/index.html;;
NWB;Netherlands;August 2016;;CICERO;https://www.nwbbank.com/green-bond;;
Obayashi Corporation;Japan;November 2018;Rating and Investment Information;DNV;https://www.obayashi.co.jp/en/sustainability/environment/obayashi_green_bond.html;;
Obvion N.V. (Green Storm 2017);Netherlands;;Appendix to Sustainalytics report;SUSTAINALYTICS;https://www.obvion.nl/Over-Obvion/Duurzaamheid-bij-Obvion.htm;;
Odakyu Electric Railway ;Japan;;Japan Credit Rating Agency;Japan Credit Rating Agency;https://www.odakyu.jp/english/about/ir/;;
Odakyu Electric Railway ;Japan;;Appendix to Sustainalytics report;SUSTAINALYTICS;;;
Offentliga Hus;Sweden;August 2019;CICERO;CICERO;https://offentligahus.se/obligationslan/;;
Okuibuki Kanko;Japan;;;Rating and Investment Information;https://www.okuibuki.co.jp/company/;;
OMEGA ENERGIA;Brazil;;;VIGEO EIRIS;http://www.omegaenergia.com.br/en/sustentabilidade/clean-and-renewable-energy/;;
Ontario Power Generation;Canada;;Appendix to Sustainalytics report;SUSTAINALYTICS;https://www.opg.com/about/finance/Pages/Green-Bonds.aspx;;
OP Financial Group ;Finland;;Appendix to Sustainalytics report;SUSTAINALYTICS;https://www.op.fi/op-financial-group/debt-investors/green-bonds;;
Orient Corporation;Japan;;Japan Credit Rating Agency;Japan Credit Rating Agency;https://www.orico.co.jp/company/ir/library/annual/;;
ORIX Corporation;Japan;;Appendix to Sustainalytics report;SUSTAINALYTICS;https://www.orix.co.jp/grp/en/ir/;;
Orix JREIT Inc.;Japan;;Japan Credit Rating Agency;Japan Credit Rating Agency;https://www.orixjreit.com/en/feature/initiatives1.html;;
Orsted;Denmark;;;CICERO;https://orsted.com/en/Investors/Debt/Green-Bond-Framework;;
Owens-Illinois, Inc. ;US;;Appendix to Sustainalytics report;SUSTAINALYTICS;https://www.o-i.com/investors/;;
Oxley Holdings Limited;Singapore;;Appendix to Sustainalytics report;SUSTAINALYTICS;https://www.oxley.com.sg/green-financing/;;
PACE Funding 2020-1;US;;;Kestrel Verifiers;https://www.pacefunding.com/about-us/;;
Paprec Group;France;;;VIGEO EIRIS;https://www.paprec.com/en/company/our-civic-engagement/green-bond;;
Paragon;UK;;Appendix to Sustainalytics report;SUSTAINALYTICS;https://www.paragonbankinggroup.co.uk/green-bond;;
Park City, Utah;US;;;Kestrel Verifiers;https://emma.msrb.org/IssueView/Details/RE398250;;
Pays de la Loire;France;;;VIGEO EIRIS;http://www.paysdelaloire.fr/services-en-ligne/emissions-obligataires/;;
Penta-Ocean Construction Co., Ltd.;Japan;;Japan Credit Rating Agency;Japan Credit Rating Agency;http://www.penta-ocean.co.jp/english/ir/data/rank/index.html;;
Pepper;Australia;;Appendix to Sustainalytics report;SUSTAINALYTICS;https://www.pepper.com.au/debt-investors/debt-programmes;;
PepsiCo, Inc. ;US;;Appendix to Sustainalytics report;SUSTAINALYTICS;https://www.pepsico.com/sustainability/sustainability-reporting;;
PKO Bank Hipoteczny SA;Poland;;Appendix to Sustainalytics report;SUSTAINALYTICS;https://www.pkobh.pl/en/investor-relations/green-covered-bonds/;;
PORR AG;Austria;;Appendix to Sustainalytics report;SUSTAINALYTICS;https://porr-group.com/en/investor-relations/porr-bonds/;;
Porsche;Germany;;;ISS-oekom;https://newsroom.porsche.com/en/2019/company/porsche-green-schuldschein-sustainable-projects-18335.html;;
Port of Los Angeles;US;;Appendix to Sustainalytics report;SUSTAINALYTICS;https://www.portoflosangeles.org/newsroom/2016_releases/news_091516_green_bond.asp;;
PostNL;Netherlands;;Appendix to Sustainalytics report;SUSTAINALYTICS;https://www.postnl.nl/en/about-postnl/investors/bond-information/;;
Prologis (2018);Supra-national;;Appendix to Sustainalytics report;SUSTAINALYTICS;https://www.prologis.com/green-bond;;
Prologis (2020);Supra-national;;Appendix to Sustainalytics report;SUSTAINALYTICS;https://www.prologis.com/green-bond;;
Province of Ontario;Canada;November 2016;;CICERO;http://www.ofina.on.ca/greenbonds/verification.htm;;
Province of Québec;Canada;October 2018;CICERO;CICERO;http://www.finances.gouv.qc.ca/en/RI_GB_Green_Bonds.asp;;
Provincia de Jujuy;Argentina;;;SUSTAINALYTICS;http://prensa.jujuy.gob.ar/tag/bono-verde/;;
PT Sarana Multi Infrastruktur (Persero);Indonesia;May 2018;CICERO;CICERO;https://www.ptsmi.co.id/investor-relations/social-environmental/;;
QBE Insurance Group;Australia;;Appendix to Sustainalytics report;SUSTAINALYTICS;https://www.qbe.com/investor-relations/debt-investor-centre/debt-investor-centre/social-bonds;;
QuadReal;Canada;;Appendix to Sustainalytics report;SUSTAINALYTICS;https://www.quadreal.com/sustainability/green-bonds/;;
Rabobank;Netherlands;September 2016;Appendix to Sustainalytics report;SUSTAINALYTICS;https://www.rabobank.com/nl/investors/funding/greenandsustainabilitybond/index.html;;
Raiffeisen Bank Supra-national;Austria;;Appendix to Sustainalytics report;SUSTAINALYTICS;http://investor.rbSupra-national.com/index.php?id=552&L=1;;
Raiffeisen Bank Romania;Romania;;Appendix to Sustainalytics report;SUSTAINALYTICS;https://www.raiffeisen.ro/despre-noi/guvernanta-corporativa/;;
RATP;France;;;VIGEO EIRIS;https://www.ratp.fr/en/en/la-ratp-et-les-green-bonds;;
Redes Energéticas Nacionais SGPS S.A.;Portugal;;;ISS ESG;https://www.ren.pt/en-GB/investidores/relacoes_com_investidores;;
Region Skane;Sweden;;;CICERO;http://www.cicero.uio.no/en/posts/what-we-do/cicero-second-opinions-list ;;
Renewable Japan Co. RJ Renewable Energy Project Bond IX Trust Certificate/ABL (2018);Japan;;Appendix to Rating and Investment Information report;Rating and Investment Information;http://www.rn-j.com/en/business/;;
Renewable Japan Co. RJ Renewable Energy Project Bond V Trust Certificate/ABL (2019);Japan;;Appendix to Rating and Investment Information report;Rating and Investment Information;http://www.rn-j.com/en/business/;;
Renewable Japan Co. RJ Renewable Energy Project Bond VII Trust Certificate/ABL (2020);Japan;;Appendix to Rating and Investment Information report;Rating and Investment Information;http://www.rn-j.com/en/business/;;
Renewable Japan Co. RJ Renewable Energy Project Bond VIII Trust Certificate/ABL (2021);Japan;;Appendix to Rating and Investment Information report;Rating and Investment Information;http://www.rn-j.com/en/business/;;
Renewi plc ;UK;;Appendix to Sustainalytics report;SUSTAINALYTICS;http://www.renewiplc.com/en/investors/reports-and-presentations;;
RENOVA, Inc. (2020);Japan;;Japan Credit Rating Agency;Japan Credit Rating Agency;https://www.renovainc.com/en/ir/;;
RENOVA, Inc. (Unsecured Bonds);Japan;;Japan Credit Rating Agency;Japan Credit Rating Agency;https://www.renovainc.com/en/ir/;;
Renovate America (HERO Funding 2016-2);US;September 2016;;SUSTAINALYTICS;https://www.renovateamerica.com/green-bonds;;
Renovate America (HERO Funding 2016-3);US;November 2016;Appendix to Sustainalytics report;SUSTAINALYTICS;https://www.renovateamerica.com/green-bonds;;
Renovate America (HERO Funding 2016-4);US;January 2017;Appendix to Sustainalytics report;SUSTAINALYTICS;https://www.renovateamerica.com/green-bonds;;
Renovate America (HERO Funding Trust 2014-1);US;September 2016;;SUSTAINALYTICS;https://www.renovateamerica.com/green-bonds;;
Renovate America (HERO Funding Trust 2014-2);US;September 2016;;SUSTAINALYTICS;https://www.renovateamerica.com/green-bonds;;
Renovate America (HERO Funding Trust 2015-1);US;September 2016;;SUSTAINALYTICS;https://www.renovateamerica.com/green-bonds;;
Renovate America (HERO Funding Trust 2015-2);US;September 2016;;SUSTAINALYTICS;https://www.renovateamerica.com/green-bonds;;
Renovate America (HERO Funding Trust 2015-3);US;September 2016;;SUSTAINALYTICS;https://www.renovateamerica.com/green-bonds;;
Renovate America (HERO Funding Trust 2016-1);US;September 2016;;SUSTAINALYTICS;https://www.renovateamerica.com/green-bonds;;
Renovate America 2017 (HERO Funding 2017-1);US;September 2017;Appendix to Sustainalytics report;SUSTAINALYTICS;https://www.renovateamerica.com/green-bonds;;
Renovate America 2017 (HERO Funding 2017-2);US;September 2017;;SUSTAINALYTICS;https://www.renovateamerica.com/green-bonds;;
Renovate America 2017 (HERO Funding 2017-3);US;December 2017;;SUSTAINALYTICS;https://www.renovateamerica.com/green-bonds;;
Renovate America 2018 (HERO Funding 2018-1);US;July 2018;;SUSTAINALYTICS;https://www.renovateamerica.com/green-bonds;;
Repower AG;Switzerland;;Appendix to Sustainalytics report;SUSTAINALYTICS;https://www.repower.com/en-us/investor-relations/debt/;;
Repsol;Spain;July 2017;;VIGEO EIRIS;https://www.repsol.energy/en/shareholders-and-investors/fixed-income-and-credit-ratings/rif/index.cshtml;;
Republic and Canton of Geneva;Switzerland;October 2019;VIGEO EIRIS;VIGEO EIRIS;https://www.ge.ch/dossier/obligations-vertes-green-bonds;;
Republic of Chile;Chile;;;VIGEO EIRIS;https://www.hacienda.cl/english/public-debt-office/green-bonds.html;;
Republic of Fiji;Fiji;;Appendix to Sustainalytics report;SUSTAINALYTICS;http://www.rbf.gov.fj/Publications/Republic-of-Fiji-Green-Bond-Opinion;;
Republic of France;France;February 2018;;VIGEO EIRIS;https://www.aft.gouv.fr/en/green-oat;;
Republic of France (2018 update);France;;;VIGEO EIRIS;https://www.aft.gouv.fr/en/green-oat;;
Republic of France (2019 update);France;;;VIGEO EIRIS;https://www.aft.gouv.fr/en/green-oat;;
Republic of France (2021);France;;;VIGEO EIRIS;https://www.aft.gouv.fr/en/green-oat;;
Republic of Indonesia;Indonesia;;;CICERO;http://www.djppr.kemenkeu.go.id;;
Republic of Ireland;Ireland;;Appendix to Sustainalytics report;SUSTAINALYTICS;http://www.ntma.ie/business-areas/funding-and-debt-management/irish-sovereign-green-bond-documents/;;
Republic of Italy;Italy;;;V.E;https://www.mef.gov.it/en/focus/Btp-Green-the-new-sovereign-bond-to-finance-Italys-ecological-transition-00001/;;
Republic of Lithuania;Lithuania;;;Moody's Investors Service;https://finmin.lrv.lt/en/competence-areas/state-debt-management;;
Republic of Poland;Poland;;Appendix to Sustainalytics report;SUSTAINALYTICS;http://www.finanse.mf.gov.pl/en/public-debt/Supra-national-bonds/issuance-procedures;;
Reykjavik Energy;Iceland;;CICERO;CICERO;https://www.or.is/green-bond;;
Ricoh Leasing Company (2018);Japan;;Japan Credit Rating Agency;Japan Credit Rating Agency;https://www.r-lease.co.jp/csr/greenbond/index.html;;
Ricoh Leasing Company (2019);Japan;;Japan Credit Rating Agency;Japan Credit Rating Agency;https://www.r-lease.co.jp/csr/greenbond/index.html;;
Rikshem;Sweden;;;CICERO;https://www.rikshem.se/in-english/financial-information/financial-reports-and-presentations/;;
Rio Can;Canada;;Appendix to Sustainalytics report;SUSTAINALYTICS;https://riocan.com/about/sustainability/;;
Rio Energy;Brazil;;;VIGEO EIRIS;http://www.rioenergyllc.com/en/investors-relations/#investidores;;
Rizal Commercial Banking Corporation (RCBC) ;Philippines;;Appendix to Sustainalytics report;SUSTAINALYTICS;https://www.rcbc.com/Others/Sustainability;;
Royal Schiphol Group;Netherlands;;;VIGEO EIRIS;https://www.schiphol.nl/en/schiphol-group/page/green-bond-framework/;;
RSB HMAO Ltd.;Russian Federation;October 2018;Rating Agency Expert RA;Rating Agency Expert RA;http://rsb-hmao.ru/zelenoe-finansirovanie;;
Rumo S.A.;Brazil;;Appendix to Sustainalytics report;SUSTAINALYTICS;http://ri.rumolog.com/en/disclosures-and-documents/green-bond/;;
RWE;Germany;;Appendix to Sustainalytics report;SUSTAINALYTICS;https://www.group.rwe/en/investor-relations/bonds-and-rating/green-financing;;
Sacramento Municipal Utility district (2019 Series G Green Bonds);US;;;Kestrel Verifiers;https://www.smud.org/en/Corporate/About-us/Company-Information/Reports-and-Statements;;
Sacramento Municipal Utility district (2020 Series H Serial Bonds);US;;;Kestrel Verifiers;https://www.smud.org/en/Corporate/About-us/Company-Information/Reports-and-Statements;;
San Francisco Public Utilities Commission;US;;;SUSTAINALYTICS;http://sfwater.org/index.aspx?page=1182;;
SATO;Finland;March 2020;CICERO;CICERO;https://www.sato.fi/en/finances-investors/green-financing;;
Saudi Electricity ;Saudi Arabia;;;VIGEO EIRIS;https://www.se.com.sa/en-us/invshareholder/Pages/default.aspx;;
SBAB Bank AB;Sweden;;;CICERO;https://www.sbab.se/1/in_english/investor_relations/sbab_unsecured_funding/sbab_green_bond.html;;
Scatec ASA;Norway;February 2021;CICERO;;https://scatec.com/2021/02/09/scatec-asa-successful-placement-of-eur-250-million-of-new-senior-unsecured-green-bonds/;;
Scatec Solar ASA;Norway;;;DNV;https://scatecsolar.com/investor/events-presentations/;;
Schaeffler Group;Germany;;Appendix to Sustainalytics report;SUSTAINALYTICS;https://www.schaeffler.com/content.schaeffler.com/en/company/sustainability/schaeffler_group_green_finance_1/schaeffler_group_green_finance.jsp;;
Scotiabank;Canada;;Appendix to Sustainalytics report;SUSTAINALYTICS;https://www.scotiabank.com/ca/en/about/investors-shareholders/fixed-income-investors.html;;
Segi Astana;Malaysia;;;RAM;https://www.ram.com.my/pressrelease/?prviewid=4482;;
Seibu Holdings Inc.;Japan;;Japan Credit Rating Agency;Japan Credit Rating Agency;http://www.seibuholdings.co.jp/en/ir/;;
Seiko Epson Corporation (2019);Japan;;Appendix to Sustainalytics report;SUSTAINALYTICS;https://www.epson.jp/osirase/2019/191211_2.htm;;
Seiko Epson Corporation (2020);Japan;;Appendix to Rating and Investment Information report;Rating and Investment Information;https://www.epson.jp/osirase/2019/191211_2.htm;;
Sekisui House Reit;Japan;;Appendix to Sustainalytics report;SUSTAINALYTICS;https://www.sekisuihouse.co.jp/english/sr/2019.html;;
Senko Group Holdings Co., Ltd.;Japan;;;Rating and Investment Information;https://www.senkogrouphd.co.jp/en/ir/;;
SFC RuSol 1 LLC;Russian Federation;;;Rating Agency Expert RA;http://www.sfo-rusol-1.ru/vo;;
SFIL Group;France;October 2019;Appendix to Sustainalytics report;SUSTAINALYTICS;https://sfil.fr/en/investors/;;
SHIMIZU CORPORATION;Japan;;Appendix to Rating and Investment Information report;Rating and Investment Information;https://www.shimz.co.jp/en/company/ir/;;
SID Bank;Slovenia;;Appendix to Sustainalytics report;SUSTAINALYTICS;https://sid.si/en/news/sid-bank-issues-first-green-bond;;
Sinar Kamiri;Malaysia;;;RAM;https://www.ram.com.my/pressrelease/?prviewid=4412;;
Sindicatum Renewable Energy Company Pte;Singapore;November 2017;;SUSTAINALYTICS;http://www.sindicatum.com/about-us/sustainability/;;
Skandinaviska Enskilda Banken (SEB);Sweden;March 2017;CICERO/ENSO;CICERO/ENSO;https://sebgroup.com/investor-relations/debt-investors/green-bonds;;
Skanska;Sweden;;;CICERO;http://group.skanska.com/investors/financial-information/funding/;;
SNAM;Italy;;;DNV;http://www.snam.it/en/Investor_Relations/debt_credit_rating/climate_action_bond.html;;
SNCF (2021);France;;;ISS ESG;https://www.sncf.com/en/finance/financial-publications-sncf;;
SNCF Réseau (2016);France;;;oekom research;http://www.sncf-reseau.fr/en/sri-green-bonds;;
SNCF Réseau (2017);France;;;oekom research;http://www.sncf-reseau.fr/en/ressources/programs/green-bond-issuance-programme-updated-17-march-2017;;
Sociedade Bioelétrica do Mondego;Portugal;;Appendix to Sustainalytics report;SUSTAINALYTICS;http://www.altri.pt/en/investors/green-funding/green-bond;;
Société du Grand Paris;France;;Appendix to Sustainalytics report;SUSTAINALYTICS;https://www.societedugrandparis.fr/sgp/investors;;
Société Générale;France;;;VIGEO EIRIS;https://www.societegenerale.com/en/measuring-our-performance/investors/debt-investors;;
Södra Skogägarna;Sweden;;;CICERO;https://www.sodra.com/en/about-sodra/this-is-sodra/financial-information/financing-and-green-bonds/;;
Sogn Fjordane Energi (SFE);Norway;;CICERO;CICERO;http://www.sfe.no/;;
Soilbuild Group;Singapore;;Appendix to Sustainalytics report;SUSTAINALYTICS;https://www.soilbuild.com/history/Soilbuild-gets-maiden-green-loan-of-S$248m-for-Tai-Seng-project;;
South Bayside Waste Management Authority;US;;Appendix to Kestrel Verifiers report;Kestrel Verifiers;https://www.rethinkwaste.org/;;
South Central Connecticut Regional Water Authority;US;;Appendix to Sustainalytics report;SUSTAINALYTICS;https://emma.msrb.org/IssuerHomePage/Issuer?id=35F7FED3895ED0F11171B5E252AF5551&type=G;;
Southern Ohio Port Authority (PureCycle: Ohio LLC);US;;;Moody's Investors Service;https://purecycletech.com/news/;;
Southern Power;US;;;Deloitte;https://investor.southerncompany.com/information-for-investors/Green-Bonds/Southern-Power/default.aspx;;
Sparbanken Skåne;Sweden;September 2019;CICERO;CICERO;https://www.sparbankenskane.se/om-oss/om-verksamheten/finansiell-information/upplaningsprogram/grona-obligationer.html;;
SpareBank 1 Boligkreditt ;Norway;;Appendix to Sustainalytics report;SUSTAINALYTICS;https://spabol.sparebank1.no/green-bonds;;
Sparebanken Sogn og Fjordane;Norway;December 2019;CICERO;CICERO;https://www.ssf.no/om-oss/investor-informasjon/gront-rammeverk/;;
Sparebanken Vest;Norway;;Appendix to Sustainalytics report;SUSTAINALYTICS;https://www.spv.no/om-oss/investor-relations/gronne-obligasjoner;;
Specialfastigheter Sverige AB;Sweden;;Appendix to Sustainalytics report;SUSTAINALYTICS;http://www.specialfastigheter.se/grona-obligationer/;;
SSE plc;UK;;;DNV;https://sse.com/investors/green-bond/;;
Star Energy Geothermal (Wayang Windu) Ltd;Indonesia;;CARBON TRUST;CARBON TRUST;http://www.starenergy.co.id/Safety-environment/Sustainability/Sustainability-Reports.aspx;;
State of Baden-Württemberg;Germany;February 2021;;VIGEO EIRIS;https://fm.baden-wuerttemberg.de/index.php?id=18430;;
State of Connecticut;US;;Appendix to Sustainalytics report;SUSTAINALYTICS;http://www.ct.gov/deep/cwp/view.asp?a=2719&q=325576&deepNav_GID=1654;;
Stedin Group;Netherlands;;;ISS ESG;https://www.stedingroep.nl/eng/investor-relations;;
Stena Metall AB;Sweden;;CICERO;CICERO;https://www.stenametall.com/investor-relations/green-bond/;;
Stockholm County Council;Sweden;September 2016;;CICERO;http://www.cicero.uio.no/en/posts/what-we-do/cicero-second-opinions-list ;;
Stockholm Exergi;Sweden;;;CICERO;https://www.stockholmexergi.se/om-stockholm-exergi/miljo-och-hallbarhet/;;
Stockholms Kooperativa Bostadsförening (SKB);Sweden;;;CICERO;https://www.skb.org/om-oss/verkstallande-organisation/ekonomi-och-finans/gron-obligation/;;
Stora Enso;Finland;;Appendix to Sustainalytics report;SUSTAINALYTICS;https://www.storaenso.com/en/investors/stora-enso-as-an-investment/debt-investors/green-bonds;;
Sumitomo Mitsui Financial Group, Inc (2017);Japan;;Appendix to Sustainalytics report;SUSTAINALYTICS;http://www.smbc.co.jp/aboutus/responsibility/environment/green_bond/green_bond_e.html;;
Sumitomo Mitsui Financial Group, Inc (2018);Japan;;Appendix to Sustainalytics report;SUSTAINALYTICS;http://www.smbc.co.jp/aboutus/responsibility/environment/green_bond/green_bond_e.html;;
Sumitomo Mitsui Trust Bank (2018);Japan;;Japan Credit Rating Agency;Japan Credit Rating Agency;https://www.smth.jp/en/;;
Sumitomo Mitsui Trust Bank (2021);Japan;;Appendix to Sustainalytics report;SUSTAINALYTICS;https://www.smth.jp/en/;;
Sunndal Sparebanken;Norway;December 2019;CICERO;CICERO;https://sunndal-sparebank.no/ombanken/Gronn-obligasjon;;
Suzano Papel e Celulose S.A.;Brazil;;;SUSTAINALYTICS;http://ir.suzano.com.br/financial-information/indebtedness-and-capital-markets;;
Swedavia;Sweden;September 2019;CICERO;CICERO;https://www.swedavia.com/about-swedavia/financial-information/#gref;;
Swedbank AB;Sweden;October 2017;;DNV;https://www.swedbank.com/investor-relations/debt-investor/green-bonds/;;
Swedish Export Credit (SEK);Sweden;;;CICERO;http://www.sek.se/en/investor-relations/green-bonds/;;
Swire Properties;China;;Appendix to Sustainalytics report;SUSTAINALYTICS;http://www.swireproperties.com/en/media/press-releases/2018/20180104_green-bond.aspx;;
Swiss Life;Switzerland;;Appendix to Sustainalytics report;SUSTAINALYTICS;https://www.swisslife.com/en/home/investors/bonds-and-ratings.html;;
Swiss Prime Site;Switzerland;;;ISS ESG;https://sps.swiss/en/group/investors/bonds;;
Swisscom;Switzerland;;Appendix to Sustainalytics report;SUSTAINALYTICS;https://www.swisscom.ch/en/about/investors/financing.html;;
Synthesis Analytics;Sweden;;Appendix to Sustainalytics report;SUSTAINALYTICS;https://synthesis.se/sustainability.html;;
Tadau Energy;Malaysia;;;CICERO;http://www.tadau.com.my/;;
Takasago Thermal Engineering Co., Ltd.;Japan;;Japan Credit Rating Agency;Japan Credit Rating Agency;https://www.tte-net.com/english/ir/index.html;;
Tatra Banka;Slovakia;;Appendix to Sustainalytics report;SUSTAINALYTICS;https://www.tatrabanka.sk/en/about-bank/economic-results/green/;;
TenneT (2016);Netherlands;;;oekom research;http://www.tennet.eu/company/investor-relations/green-financing/;;
TenneT (2017);Netherlands;;;oekom research;http://www.tennet.eu/company/investor-relations/green-financing/;;
TenneT (2018);Netherlands;;;oekom research;http://www.tennet.eu/company/investor-relations/green-financing/;;
Terna;Italy;;;VIGEO EIRIS;http://www.terna.it/en-gb/investorrelations/debitoerating/emissioniobbligazionarie.aspx;;
The Conservation Fund;US;;Appendix to Sustainalytics report;SUSTAINALYTICS;https://www.conservationfund.org/green-bond;;
Tianjin Rail Transit Group;China;;Appendix to Sustainalytics report;SUSTAINALYTICS;http://www.tjgdjt.com/fagui/content_15167.htm;;
Toda Corporation (2018);Japan;;Rating and Investment Information;SUSTAINALYTICS;http://www.toda.co.jp/english/ir/index.html;;
Toda Corporation (July 2020);Japan;;Appendix to Sustainalytics report;SUSTAINALYTICS;http://www.toda.co.jp/english/ir/index.html;;
Toda Corporation (September 2020);Japan;;;Rating and Investment Information;http://www.toda.co.jp/english/ir/index.html;;
Tokyo Century ;Japan;;Appendix to Rating and Investment Information report;Rating and Investment Information;https://www.tokyocentury.co.jp/en/csr/environment/greenbond.html;;
Tokyo Gas Co., Ltd.;Japan;;Appendix to Rating and Investment Information report;Rating and Investment Information;https://tokyo-gas.disclosure.site/en/?_ga=2.86807576.1896310047.1612869334-1215548008.1612869334;;
Tokyo Metropolitan Government;Japan;;ISS ESG;ISS ESG;http://www.zaimu.metro.tokyo.jp/bond/en/ir_library/tosai_ir_gb.html;;
Tokyo Tatemono;Japan;;Japan Credit Rating Agency;Japan Credit Rating Agency;https://tatemono.com/english/ir/bonds.html;;
Tokyu Fudosan Holdings;Japan;;Appendix to Sustainalytics report;SUSTAINALYTICS;https://tokyu-fudosan-hd-csr.disclosure.site/en/themes/44;;
Tokyu Land Capital Management Inc. ;Japan;;Appendix to Rating and Investment Information report;Rating and Investment Information;https://www.tokyu-tlcm.co.jp/en/;;
Toronto-Dominion Bank;Canada;;;DNV;https://www.td.com/investor-relations/ir-homepage/debt-information/green-bonds/green-bonds.jsp;;
Town of Wareham;US;;;Kestrel Verifiers;https://www.wareham.ma.us/accounting/pages/financial-reports;;
Toyota Finance Corporation (2019);Japan;;Appendix to Rating and Investment Information report;Rating and Investment Information;https://www.toyota-finance.co.jp/ir/investors/greenbond.html;;
Toyota Finance Corporation (2020);Japan;;Appendix to Rating and Investment Information report;Rating and Investment Information;https://www.toyota-finance.co.jp/ir/investors/greenbond.html;;
Toyota Motor Credit Corporation;US;;Appendix to Sustainalytics report;SUSTAINALYTICS;https://www.toyotafinancial.com/us/en/investor_relations/green-bond-programs.html;;
Toyota Motor Credit Corporation (2020);US;;Appendix to Sustainalytics report;SUSTAINALYTICS;https://www.toyotafinancial.com/us/en/investor_relations/green-bond-programs.html;;
Transport Concession Company;Russian Federation;;Rating Agency Expert RA;Rating Agency Expert RA;http://chizhik-lrt.ru/soczialnaya-otvetstvennost-proekta.html;;
Transport for London;UK;;;DNV;https://tfl.gov.uk/info-for/investors/borrowing-programme;;
UBI Banca;Italy;;;ISS-oekom;https://www.ubibanca.it/pagine/Green-Social-and-Sustainable-bonds-EN.aspx;;
United Urban Investment Corporation;Japan;;Japan Credit Rating Agency;Japan Credit Rating Agency;http://www.united-reit.co.jp/en/;;
UPM;Finland;;;CICERO;https://www.upm.com/investors/;;
Uppsalahem;Sweden;;;CICERO;https://www.uppsalahem.se/om-oss/agare-och-organisation/finans/gronobligation/;;
Vacse;Sweden;;CICERO;CICERO/ENSO;https://vacse.se/investerare/grona-obligationer/;;
Vasakronan;Sweden;;;CICERO;http://en.vasakronan.se/welcome-to-vasakronan/sustainability;;
Vattenfall;Sweden;;;CICERO;https://group.vattenfall.com/investors;;
Vena Energy (2019);Japan;;Japan Credit Rating Agency;Japan Credit Rating Agency;https://www.venaenergy.com/our-commitments/;;
Vena Energy (2020);Japan;;Japan Credit Rating Agency;Japan Credit Rating Agency;https://www.venaenergy.com/our-commitments/;;
Verbund;Austria;;;oekom research;https://www.verbund.com/en-at/about-verbund/investor-relations/financing/bonds;;
Verizon;US;;Appendix to Sustainalytics report;SUSTAINALYTICS;https://www.verizon.com/about/sites/default/files/corporate-responsibility-report/2017/index.html#;;
Vermont Educational and Health Buildings Financing Agency (VEHBFA);US;;Appendix to Sustainalytics report;SUSTAINALYTICS;http://www.sustainalytics.com/sustainability-bond-services ;;
Vestas Wind Systems A/S;Denmark;;;DNV;https://www.vestas.com/en/investor/green%20bond#!info;;
Vesteda;Netherlands;;Appendix to Sustainalytics report;SUSTAINALYTICS;https://www.vesteda.com/nl/over-vesteda/investor-relations/credit-investors.aspx;;
Vestel;Turkey;June 2020;VIGEO EIRIS;;http://www.vestelinvestorrelations.com/en/;;
VGP NV;Belgium;March 2021;CICERO;CICERO;https://www.vgpparks.eu/en/investors/financial-debt/;;
Vía Célere SL;Spain;;Appendix to Sustainalytics report;SUSTAINALYTICS;https://www.viacelere.com/innovacion;;
VINCI;France;;;VIGEO EIRIS;https://www.vinci.com/vinci.nsf/en/finance-documentation-financial-transactions/pages/6.htm;;
Virgin Trains USA;US;;Appendix to Sustainalytics report;SUSTAINALYTICS;https://www.gobrightline.com/people-culture#social_responsibility;;
Visa Inc.;US;;Appendix to Sustainalytics report;SUSTAINALYTICS;https://investor.visa.com/;;
Vivint Solar Inc;US;;;ISS ESG;https://www.vivintsolar.com/about-us;;
Vodafone ;UK;;Appendix to Sustainalytics report;SUSTAINALYTICS;https://www.vodafone.com/content/index/about/sustainability/approach-and-reporting/reporting-centre.html;;
Volkswagen;Germany;;Appendix to Sustainalytics report;SUSTAINALYTICS;https://www.volkswagenag.com/en/InvestorRelations/fixed-income/green-finance.html;;
Volvo Group;Sweden;;;CICERO;https://www.volvogroup.com/en-en/investors/debt-information/green-financing.html;;
Volvofinans Bank AB (2017);Sweden;;;CICERO;https://www.volvofinans.se/om-oss/investerarrelationer/grona-obligationer/;;
Volvofinans Bank AB (2019);Sweden;;CICERO;CICERO;https://www.volvofinans.se/om-oss/investerarrelationer/grona-obligationer/;;
Vonore Fiber Products LLC;US;;;Moody's Investors Service;https://generaenergy.com/;;
Vonovia;Germany;;Appendix to Sustainalytics report;SUSTAINALYTICS;https://investoren.vonovia.de/en/creditor-relations/green-bonds/;;
Wallenstam;Sweden;;;CICERO;https://www.wallenstam.se/en/wallenstam/investor-relations/green-bonds/;;
Water Wheel Green Securities Corporation B.V.;Netherlands;;Appendix to Sustainalytics report;SUSTAINALYTICS;https://waterwheelgreensecurities.com/;;
Welltower Inc.;US;;Appendix to Sustainalytics report;SUSTAINALYTICS;https://welltower.com/investors/fixed-income/;;
White Peak;China;;;CICERO;http://www.wprei.com/en-US/sustainability;;
Workspace Group PLC;UK;;DNV;DNV;https://www2.workspace.co.uk/investors;;
World Bank (IBRD);Supra-national;September 2016;CICERO;CICERO;https://treasury.worldbank.org/en/about/unit/treasury/ibrd/ibrd-green-bonds;;
Wuhan Metro Group Co., Ltd.;China;;;Moody's Investors Service;http://www.wuhanrt.com/;;
Yango Group;China;;Appendix to Sustainalytics report;SUSTAINALYTICS;http://www.yango.com.cn/index.php/Ch/Cms/Investor/shzr;;
YES BANK Ltd;India;September 2016;KPMG;KPMG;"https://www.yesbank.in/annual-reports/fy-2015-16/annual-report-2015-
16&Category=AnnualReports&FYear=2015-16";;
Ygrene Energy Fund;US;;Appendix to Sustainalytics report;SUSTAINALYTICS;http://www.sustainalytics.com/sustainability-bond-services ;;
Zürcher Kantonalbank (2018);Switzerland;April 2018;oekom research;oekom research;https://www.zkb.ch/de/uu/nb/investor-relations/obligationenanleihen.html;;
Zürcher Kantonalbank (2019);Switzerland;;;ISS-oekom;https://www.zkb.ch/de/uu/nb/investor-relations/obligationenanleihen.html;;
